res_name,res_tell,res_addr,res_runtime,res_keyword,res_latitude,res_longitude,raiting,like_count
정육면체,0507-1331-3819,서울 서대문구 연세로5다길 22-8 1층 정육면체,매일 11:00 - 21:00 Last Order 20:30,"한식,국수",37.556839611,126.934589212,4.39,929
반서울,070-8882-0110,서울 서대문구 이화여대길 87 2층 반서울,평일 11:30 - 22:00 매주 일요일 휴무,"한식,퓨전음식",37.559007998,126.943529041,4.48,250
목란,02-732-1245,서울 서대문구 연희로15길 21,"수요일 11:30 - 15:00 11:30 점심1부, 1:30 점심",중식,37.568369461,126.930479355,4.25,"1,284"
미도파,070-4108-2020,서울 서대문구 성산로 317 2층,수요일 11:00 - 22:00 ,"카페,디저트",37.566575517,126.925407529,3.94,24
오르랔베이커리,0507-1309-4342,서울 서대문구 신촌로 241,매일 11:00 - 21:00 ,"디저트,베이커리",37.557436988,126.952828017,4.62,29
만동제과,0507-1404-5079,서울 서대문구 연희로 32,매일 11:00 - 20:30 명절 휴무,"디저트,베이커리",37.561544773,126.927277058,4.48,"1,625"
라이라이,0507-1311-3203,서울 서대문구 연희로15길 27 라이라이 1층,목요일 11:30 - 22:00 매주 수요일 휴무,중식,37.56858975,126.930438496,4.35,541
더풍년,0507-1325-5069,서울 서대문구 영천시장길 56 1층,매일 17:00 - 01:00 ,요리주점,37.569911352,126.962055815,4.29,241
한옥집 김치찜 본점,02-362-8653,서울 서대문구 통일로9길 12 1층 한옥집김치찜,매일 10:30 - 21:30 명절 휴무,"한식,찌개,전골",37.567253453,126.964335649,4.27,"1,758"
카덴,02-3142-6362,서울 서대문구 연희로 173 거화빌딩,매일 11:30 - 22:00 Break time 15:00~17:30 / Last order 14:00&21:20,"일식,이자카야",37.572433057,126.935045704,4.11,179
소디스커피,02-336-9976,서울 서대문구 연희로 83 은혜빌딩 B1F,"매일 11:00 - 24:00 ex)신정,설.추석 휴무/ 배달시간 23:30까지","카페,디저트",37.565785138,126.929759351,4.83,85
시오,02-3144-6919,서울 서대문구 연희로11가길 23 1층,"평일 11:40 - 21:30 라스트오더 14:30, 20:30 / 브레이크타임 15:30~17:10",일식,37.567206364,126.928695848,4.33,517
마더린러 베이글,0507-1412-3030,서울 서대문구 이화여대5길 5 마더린러베이글,"평일 08:30 - 00:00 베이글 소진 시 마감/전국택배(예약제)/단체배달/배민라이더스,요기요 익스프레스,쿠팡이츠 제휴","디저트,베이글",37.558315245,126.945371737,4.51,714
우동카덴,02-337-6360,서울 서대문구 연희로 173 거화빌딩,평일 11:30 - 15:00 ,"일식,우동,소바",37.572433057,126.935045704,4.33,359
192 29,0507-1366-1929,서울 서대문구 연희로11가길 53 1.5층,수요일 14:00 - 23:00 ,바(BAR),37.566306039,126.927440637,4.81,67
행복감,0507-1339-5380,서울 서대문구 연희로11가길 51 행복감,수요일 11:00 - 20:00 ,"카페,디저트",37.566346088,126.927542592,4.77,115
머노까머나 신촌점,0507-1360-4343,서울 서대문구 연세로11길 13 2층,매일 11:00 - 22:30 연중무휴,인도음식,37.558829851,126.936025543,4.59,549
비아37,0507-1363-0908,서울 서대문구 이화여대길 77-1,평일 11:30 - 22:00 브레이크타임 14:30-16:30,"양식,이탈리아음식",37.55894112,126.944181035,4.42,91
시그니처랩 신촌점,02-3145-2035,서울 서대문구 신촌로 83 현대백화점 신촌점 10층,매일 10:30 - 21:00 ,"양식,이탈리아음식",37.556070134,126.935840889,4.61,117
유우,02-3144-2578,서울 서대문구 연희로26길 23 1층 유우,,아시아음식,37.572990814,126.93696328,4.45,287
로라,02-6083-0812,서울 서대문구 증가로32길 23-8,수요일 휴무 ,양식,37.584913411,126.912064162,4.33,166
키친봄날,0507-1405-4440,서울 서대문구 신촌로11길 62,"평일 11:00 - 15:00 주방마감 : 매장식사 14시, 포장 14시30분 ","한식,김밥",37.558936016,126.934427458,4.76,737
셀리스도넛,0507-1394-4484,서울 서대문구 연세로7안길 1,매일 12:00 - 21:00 ,"디저트,도넛",37.557772905,126.936184349,4.63,127
그릭데이 이대본점,02-363-9222,서울 서대문구 이화여대길 88-21 2층,매일 11:00 - 19:30 연중무휴,"카페,디저트",37.559574094,126.94394102,4.7,"2,495"
안춘선 갈비배추탕,02-392-2877,서울 서대문구 통일로 135 충정빌딩,"매일 12:00 - 22:00 주말, 공휴일, 명절 휴무",한식,37.56643237,126.965456955,4.13,60
폴앤폴리나,02-333-0185,서울 서대문구 연희로11길 56,매일 11:00 - 18:00 ,"디저트,베이커리",37.568889991,126.929065252,4.55,289
스시 소우카이,0507-1316-3332,서울 서대문구 증가로23나길 25 1층,일요일 휴무 ,"일식,초밥,롤",37.580492252,126.912731589,4.92,223
옐로우보울,0507-1407-4961,서울 서대문구 충정로 7 구세군빌딩,수요일 11:30 - 22:00 브레이크 15:00~17:30,"양식,이탈리아음식",37.560093361,126.962291959,4.42,297
원앤온리커피,010-4257-2515,서울 서대문구 이화여대7길 31-4,수요일 11:00 - 21:00 ,"카페,디저트",37.558548748,126.943785068,4.46,124
푸어링아웃,0507-1409-5564,서울 서대문구 연희로11나길 7-7,수요일 10:00 - 22:00 ,"카페,디저트",37.567291821,126.928131651,4.45,165
라구식당,0507-1479-2224,서울 서대문구 연세로 42-24 1층,매일 11:30 - 22:00 3~5시 브레이크타임,"양식,스파게티,파스타전문",37.559249333,126.93843582,4.44,350
락희안 가좌본점,0507-1445-7594,서울 서대문구 가재울로4길 53 1-2층,평일 15:00 - 17:00 브레이크 타임,중식,37.576094136,126.92415259,4.42,593
르솔레이,0507-1315-6371,서울 서대문구 연희맛로 7-29 LE SOLEIL pâtisserie,수요일 12:00 - 20:00 ,"카페,디저트",37.566368938,126.927985328,4.54,469
앤트러사이트 연희점,02-332-7650,서울 서대문구 연희로 135 앤트러사이트 연희점,평일 09:00 - 22:00 ,"카페,디저트",37.569723778,126.932856484,4.25,507
콘하스,02-325-0792,서울 서대문구 연희로27길 99,매일 10:00 - 22:00 ,"카페,디저트",37.570321381,126.932170693,4.4,613
스웨이커피스테이션,0507-1358-0061,서울 서대문구 연희로11길 61,매일 11:00 - 22:00 ,"카페,디저트",37.568967274,126.92850573,4.49,276
매뉴팩트커피,02-6406-8777,서울 서대문구 연희로11길 29,평일 09:00 - 18:00 ,"카페,디저트",37.567830921,126.929617427,4.53,331
미분당 신촌점,02-3141-0807,서울 서대문구 연세로5다길 35,매일 11:00 - 21:00 Break time 15:00~17:00,베트남음식,37.556812813,126.933583852,4.45,442
책바,0507-1402-5858,서울 서대문구 연희맛로 24 1층 101호,수요일 17:00 - 22:00 21년 3월 운영일정,바(BAR),37.566868548,126.930356962,4.59,59
야바이,0507-1408-1024,서울 서대문구 연세로7안길 37,매일 16:00 - 24:00 연중무휴,일식,37.558115281,126.934631294,4.53,"1,121"
센트그릴,02-336-0757,서울 서대문구 연희로 89-3 지하 1층 센트그릴,수요일 17:00 - 24:00 ,양식,37.566175448,126.929885717,4.51,85
철길떡볶이,02-364-3440,서울 서대문구 충정로 35-6,매일 11:00 - 20:00 ,"분식,떡볶이",37.562301904,126.963603375,4.16,232
복성각,0507-1416-1522,서울 서대문구 명물1길 24,매일 11:20 - 22:00 연중무휴,중식당,37.558490086,126.937379298,4.3,325
금옥당,02-322-3378,서울 서대문구 연희로11라길 2,평일 11:00 - 21:00 ,한식,37.567959099,126.929716366,4.49,391
우리할매떡볶이 가재울점,02-304-8797,서울 서대문구 거북골로 84 103동 114호,"매일 11:00 - 21:00 설 전날, 설명절 당일 휴무","분식,떡볶이",37.576120471,126.918845447,4.21,292
올더플레이트,0507-1422-0525,서울 마포구 연희로 35 1층,매일 12:00 - 21:30    라스트오더 20시 40분,퓨전음식,37.561903596,126.927018616,4.38,344
우와,0507-1414-9500,서울 마포구 와우산로21길 21-16 2층,수요일 12:00 - 22:00 라스트오더 21:00,일식당,37.551687156,126.922169951,4.45,474
츠키젠,0507-1362-1655,서울 마포구 독막로8길 23 1층,매일 11:30 - 15:00 연중무휴,일식당,37.546820111,126.918072074,4.58,123
모크,02-7710-4573,서울 마포구 와우산로17길 19-17 1층,매일 12:00 - 21:00 ,"카페,디저트",37.549431235,126.921617321,4.52,87
손갓 디저트바,0507-1336-3819,"서울 마포구 동교로38길 19 3, 4층",수요일 12:00 - 02:00 ,"카페,디저트",37.562038626,126.925468341,4.88,54
커버드크림,070-4130-0055,서울 마포구 월드컵로11길 67 1층,매일 12:30 - 20:00 ,"디저트,베이커리",37.553764022,126.907354807,4.68,70
땡스오트 연남,0507-1321-0890,서울 마포구 성미산로23길 68,매일 11:00 - 21:00 ,"카페,디저트",37.566276167,126.919905419,4.49,715
로맨틱치즈봉봉 연남점,0507-1306-6167,서울 마포구 동교로 256-3 1층 미소빌딩,매일 11:30 - 21:00 브레이크타임: 15시~17시. 주문마감 : 20시,"한식,돈가스",37.562619212,126.925037617,4.77,343
어반플랜트,0507-1413-0378,서울 마포구 독막로4길 3,매일 10:00 - 23:00 ,"디저트,브런치",37.547894534,126.917191986,4.4,324
엘비스텍,02-338-1713,서울 마포구 연남로1길 26 1층,평일 11:30 - 22:00 예약시 연장 가능,스페인음식,37.560401124,126.92159718,4.62,412
진진,0507-1447-8879,서울 마포구 잔다리로 123,매일 12:00 - 15:00 14시30분 점심주문마감,중식당,37.557811541,126.913278136,4.31,536
툭툭누들타이,070-4407-5130,서울 마포구 성미산로 161-8 2층,"평일 11:30 - 15:20 마지막주문(2:50), 브레이크타임(15:30 - 17:00)",태국음식,37.565197489,126.924045691,4.25,"1,368"
야키토리 묵,0507-1405-2840,서울 마포구 성미산로 165-1 1층 우측,평일 19:00 - 01:00 Last order 24:00,"일식튀김,꼬치",37.564663163,126.924568457,4.68,"1,035"
ZTTN,070-4400-4871,서울 마포구 양화로11길 42,매일 12:00 - 22:00 ,"카페,디저트",37.552398795,126.914462041,4.52,204
이치류 홍대본점,02-3144-1312,서울 마포구 잔다리로3안길 44,매일 17:00 - 23:00 Last order 22:00,양갈비,37.550682715,126.919169444,4.48,162
피오니,02-333-5325,서울 마포구 어울마당로 56,"매일 12:00 - 22:00 마지막 오더 21:00 (추석당일,전일/ 설당일,전일 휴무)","디저트,케이크전문",37.549946755,126.921260771,4.37,"1,521"
옥동식,010-5571-9915,서울 마포구 양화로7길 44-10 3차신도빌라,수요일 11:00 - 21:00 15시-17시휴식시간 / 마지막주문 20시30분,"한식,국밥",37.55266477,126.914527526,4.42,757
프릳츠 도화점,02-3275-2045,서울 마포구 새창로2길 17,평일 08:00 - 22:00 ,"카페,디저트",37.541033488,126.949099032,4.42,"3,887"
라드,0507-1362-2150,서울 마포구 잔다리로3안길 23,평일 11:00 - 22:00 ,양식,37.550698771,126.919848383,4.54,27
테일러커피 연남 1호점,02-326-0355,서울 마포구 성미산로 189 1층,"매일 10:00 - 23:00 구정 설날, 추석당일 휴무","디저트,카페",37.563093159,126.92640191,4.47,394
헤키,070-7773-9870,서울 마포구 월드컵로17길 38 1층,평일 11:45 - 20:30 break time 15:00~ 17:15,일식당,37.555719212,126.907918292,4.53,267
오늘그대와,02-333-1365,서울 마포구 동교로 262-13,매일 11:00 - 22:00 ,"양식,스파게티,파스타전문",37.562674641,126.925804488,4.54,478
세상끝의라멘,02-336-1361,서울 마포구 양화로7길 6-5,수요일 11:30 - 22:00 브레이크타임 (15:00~17:00)라스트오더(21:00),"일식,일본식라면",37.551516483,126.915266463,4.48,259
풀뜯는돼지,0507-1343-1690,서울 마포구 동교로32길 7 1층 풀뜯는돼지,평일 12:00 - 22:30 ,"한식,육류,고기요리",37.560802561,126.924748272,4.93,134
빠레뜨한남 연남점,02-6014-4076,서울 마포구 동교로 257 1층,수요일 11:30 - 21:00 브레이크타임 15:30~17:00,양식,37.562833793,126.92465539,4.48,568
울라레스토랑,02-711-0700,서울 마포구 마포대로4다길 31 아리수빌딩 8층,매일 11:30 - 22:30 Break time 15:00~17:00,양식,37.535638046,126.944254179,4.3,367
망원동즉석우동 본점,02-336-1330,서울 마포구 동교로 83,수요일 11:00 - 03:00 ,"일식,우동,소바",37.554239305,126.911152065,4.42,"1,160"
샐러드하임,070-7755-8946,서울 마포구 월드컵로25길 53 1층,매일 10:00 - 21:00 ,"디저트,다이어트,샐러드",37.55777275,126.904821809,4.81,267
우마담,0507-1318-0518,서울 마포구 양화로6길 57-16,수요일 17:00 - 22:00 평일2부제) 17시 / 20시,"한식,육류,고기요리",37.549171884,126.917914425,4.55,187
AUFGLET2,02-336-7790,서울 마포구 성미산로31길 11 AUFGLET,매일 12:00 - 22:00 ,"카페,디저트",37.564501037,126.92536879,4.44,650
마녀주방 홍대점,0507-1436-1165,서울 마포구 와우산로21길 36-10,수요일 12:00 - 22:15 / 브레이크타임 15:00~17:00,"양식,이탈리아음식",37.552849063,126.922117886,4.47,963
아노브 연남,0507-1332-6606,서울 마포구 동교로 267 2층,매일 11:00 - 15:20 런치 Last order 14:30,"양식,피자",37.563540076,126.925385205,4.69,329
조용한저녁,0507-1431-4540,서울 마포구 서강로11길 18,수요일 16:00 - 22:00 ,양식,37.553707066,126.932667694,4.82,"1,980"
페어,02-6014-1231,서울 마포구 잔다리로7안길 23 우전건물 1층,매일 12:00 - 22:00 ,"디저트,카페",37.552188732,126.91643991,4.43,478
스미비부타동,02-336-5110,서울 마포구 와우산로13길 19,평일 11:30 - 21:00 브레이크타임 pm3:00~pm3:30 라스트오더 pm 8:00,"일식,덮밥",37.549349533,126.92224821,4.55,556
로쏘 1924,0507-1332-1924,서울 마포구 홍익로 29 1층 로쏘 1924,평일 11:00 - 22:30 ,"양식,피자",37.554640726,126.921818323,4.69,"2,974"
월화고기 상암 직영1호점,0507-1408-7592,서울 마포구 매봉산로2안길 12-6,매일 15:30 - 22:00 ,"한식,육류,고기요리",37.578094446,126.894443874,4.59,568
미완성식탁,0507-1351-2713,서울 마포구 망원로6길 37,수요일 12:00 - 20:00 ,"카페,디저트",37.55528183,126.903786774,4.57,280
민트하임,02-324-1359,서울 마포구 잔다리로6길 28,평일 11:30 - 21:30 ,"카페,디저트",37.552157141,126.920634276,4.29,118
정돈 홍대점,0507-1354-0923,서울 마포구 어울마당로 46,매일 11:30 - 15:00 라스트오더 2:00,돈가스,37.54906503,126.920995782,4.52,512
평이담백 뼈칼국수 본점,02-336-3454,서울 마포구 양화로7길 84,매일 11:30 - 21:00 (Break Time 15:00~17:00),"한식,칼국수,만두",37.554339498,126.91391102,4.27,478
개화연,02-6951-1587,서울 마포구 동교로46길 24-4 1층,"매일 18:00 - 02:00 1부 18:00-21:00/2부 21:00-23:00/3부 23:00-02:00(화요일 휴무, 예약제)",바(BAR),37.561986919,126.925850118,,13
간코,0507-1355-1320,서울 마포구 양화로3길 15 1층,매일 11:30 - 21:30 last order 20:30,일식당,37.549655416,126.911478707,4.48,287
앤트러사이트 합정점,02-336-7850,서울 마포구 토정로5길 10,매일 09:00 - 23:00 월~일,"디저트,카페",37.545899088,126.918311713,4.43,"1,394"
콜린,0507-1335-1119,서울 마포구 어울마당로 45,평일 10:30 - 01:00 ,"카페,디저트",37.549232321,126.920426425,4.45,"1,132"
혼가츠,0507-1399-8850,서울 마포구 와우산로21길 36-6 1층 102호,"매일 11:30 - 22:00 휴무:명절당일,명절전일","일식,돈가스",37.552640448,126.92205435,4.32,647
곱 마포점,0507-1324-5201,서울 마포구 도화길 31-1,평일 16:30 - 22:00 ,"한식,곱창,막창,양",37.541076469,126.949401145,4.49,"1,172"
서강8경,02-334-1919,"서울 마포구 토정로 128 프렌치룸레스토랑8층, 홀 다이닝바9층",매일 12:00 - 01:00 연중무휴,"양식,프랑스음식",37.544955892,126.925350284,4.74,95
리틀포레스트,010-9616-6816,서울 마포구 성미산로29길 30-3 101호 리틀포레스트,매일 11:00 - 20:00 매주 일요일 휴무,"디저트,브런치",37.56549819,126.922197275,4.28,94
연남물갈비,0507-1314-9211,서울 마포구 월드컵북로4길 13 2층,평일 11:30 - 02:00 브레이크타임 15:00~17:00,"한식,육류,고기요리",37.557128014,126.920488507,4.5,228
포코아,0507-1375-1833,서울 양천구 목동중앙북로24길 23-13 1~2층,매일 10:00 - 21:00 매주 월요일 휴무,"디저트,브런치",37.545316253,126.878358965,4.42,286
젠틀한식탁,010-8926-7811,서울 양천구 목동동로14길 6-1 1층,매일 11:30 - 15:00 L/O 14:00 (재료소진시 조기마감),"양식,이탈리아음식",37.524178509,126.872201027,4.42,521
한우나주곰탕,02-2645-3999,서울 양천구 오목로 313-2,평일 08:30 - 22:30 ,"한식,곰탕,설렁탕",37.525269518,126.872527784,4.32,235
라헬의부엌 목동점,070-4121-1020,서울 양천구 오목로 345 1층 118-119호,수요일 11:00 - 22:00 ,"카페,디저트",37.524765391,126.875787692,4.46,38
우직서울,0507-1399-1103,서울 양천구 목동중앙본로29길 6 1층,평일 17:00 - 01:00 ,한식,37.544466272,126.870274939,4.45,55
더아리엘 목동점,02-2655-0770,서울 양천구 오목로 300 현대하이페리온2차 206동 지하1층,수요일 휴무 ,뷔페,37.523707891,126.869775605,4.32,"3,776"
강릉스낵,02-2643-5556,서울 양천구 목동동로 228-2 1층,매일 15:00 - 21:00 코로나 2.5단계 영업시간 (연중 무휴),종합분식,37.525768128,126.872142535,4.3,159
먹자대게,02-2647-1500,서울 양천구 목동서로 213,매일 11:00 - 23:00 ,"한식,대게요리",37.52801959,126.870616002,4.48,421
팔각도 목동본점,0507-1493-8913,서울 양천구 목동동로 266-1 1층,평일 16:00 - 01:00 ,"한식,닭갈비",37.525605811,126.875572769,4.66,864
히노야마,0507-1305-8667,서울 양천구 목동서로 349 센트럴프라자 119호,매일 11:30 - 15:30 명절휴무,"일식,우동,소바",37.517406339,126.865307825,4.53,429
사쿠라테이엔 오목교점,0507-1331-7614,"서울 양천구 오목로 345 슬로우스퀘어 1층 127,128호",매일 15:00 - 22:00 사회적거리두기2단계로 인하여 오후3시부터 10시까지 운영합니다,이자카야,37.524765391,126.875787692,4.69,310
스시노미찌,02-2647-7070,서울 양천구 목동동로 293 현대41타워 133호,평일 11:30 - 21:30 Break time 15:00~17:30,"일식,초밥,롤",37.528170534,126.87575425,4.34,654
라멘트럭 오목교점,0507-1343-8455,서울 양천구 오목로54길 9 1층,"평일 15:20 - 17:00 평일 브레이크타임, 점심L/O:15시,","일식,일본식라면",37.523797185,126.873442961,4.45,185
대박곱창 본점,0507-1391-8892,서울 양천구 오목로 170,평일 15:00 - 01:00 매주 일요일 휴무,"곱창,막창,양,한식",37.524835853,126.856200362,4.5,452
애슐리퀸즈 목동행복한백화점점,0507-1418-2999,서울 양천구 목동동로 309 행복한세상,매일 11:30 - 14:30 ,"양식,패밀리레스토랑",37.529210967,126.875984851,4.01,923
폼폼,0507-1353-8791,서울 양천구 목동서로 400 10단지아파트 A상가 2층 206호,수요일 11:00 - 20:00 ,"디저트,베이커리",37.516234615,126.859644147,4.86,135
칸지,0507-1430-1280,서울 양천구 목동동로 264,매일 17:00 - 05:00 1F,이자카야,37.525651126,126.875146821,4.4,227
억조1978,0507-1435-1819,서울 양천구 목동동로10길 24 2층,매일 11:00 - 22:30 ,"한식,소고기구이",37.519358847,126.872339468,4.4,188
연월,0507-1350-7946,서울 양천구 목동중앙북로7길 26 1층,수요일 12:00 - 00:00 월요일마다 휴무입니다. ,"일식,덮밥",37.548870772,126.867909602,4.87,46
파티세리소나,02-2606-4454,서울 양천구 오목로34길 4,수요일 휴무 ,"디저트,베이커리",37.524473966,126.855485406,4.53,387
핵밥 신월점,070-4242-0210,서울 양천구 화곡로3길 6 1층 103호 핵밥 신월점,매일 11:00 - 22:00 브레이크타임 오후 3시~5시,"일식,덮밥",37.53990578,126.827012767,4.26,21
연안식당 염창역점,02-2645-6092,서울 양천구 공항대로 596,매일 11:00 - 22:00 매장에 따라 상이합니다. 영업시간&브레이크타임은 매장에 문의 부탁드립니다.,"한식,해물,생선요리",37.547283333,126.870904204,4.23,418
기가스시 등촌점,02-2646-4346,서울 양천구 등촌로 178,매일 12:00 - 23:30 Break time 15:00~17:00,일식당,37.545496289,126.86269394,4.43,330
프레쉬모먼트 카페,0507-1308-2597,서울 양천구 중앙로46길 7 2층,매일 11:00 - 21:00 ,"디저트,카페",37.522213219,126.852960763,4.29,40
조개천하,0507-1401-2067,서울 양천구 신정중앙로 68 해풍빌딩,매일 14:00 - 02:00 ,"한식,조개요리",37.526699898,126.859347148,4.35,156
이치마구로,0507-1362-0111,서울 양천구 오목로 331 2층 이치마구로,매일 17:00 - 24:00 라스트오더 22시(오후 10시)  당일재료 소진시 조기마감,"일식,생선회",37.524891147,126.874315887,4.55,54
봉스시,02-2604-3353,서울 양천구 은행정로7길 25,매일 11:30 - 15:00 점심영업,"초밥,롤,일식",37.52199614,126.856791181,4.39,527
마루샤브 목동점,0507-1403-7775,서울 양천구 목동동로 339 목동트윈빌 지하 1층,평일 11:30 - 15:20 코로나로인해 당분간 평일디너 영업x,한식뷔페,37.532191881,126.876744022,4.38,311
송추가마골 인어반 목동점,0507-1402-5461,서울 양천구 목동동로 293 현대41타워 3층,매일 11:15 - 22:00 ,"육류,고기요리,한식",37.528170534,126.87575425,4.34,561
은행골 목동점,02-2646-4988,서울 양천구 목동서로 155 목동파라곤,평일 11:30 - 23:00 연중무휴,"초밥,롤,일식",37.528908747,126.875168489,4.43,614
스타벅스 신정DT점,1522-3232,서울 양천구 신월로 341,수요일 07:00 - 22:00 ,"카페,디저트",37.522027383,126.858837223,4.43,"2,628"
선식당 목동점,02-2644-0102,서울 양천구 목동동로 73,매일 11:00 - 21:30 Last Order 20:30,양식,37.51579983,126.862794685,4.35,275
목동해물,0507-1423-2335,서울 양천구 목동동로 226-13,매일 16:00 - 01:00 일요일휴무,"한식,조개요리",37.525578812,126.872842786,4.26,85
마라영웅,0507-1378-6887,서울 양천구 목동동로12길 22 상가1층,매일 09:10 - 05:00 마지막주문 새벽4:30,중식당,37.522536433,126.873654474,4.3,256
토겐,010-2449-4373,서울 양천구 오목로 300 206동 117호,매일 00:00 - 24:00 예약 문의는 문자로 부탁드립니다:),일식당,37.523707891,126.869775605,4.44,44
가랑누룽지삼계탕,02-2652-2331,서울 양천구 목동동로14길 5,매일 11:00 - 22:00 ,"한식,백숙,삼계탕",37.52439528,126.872208777,4.35,325
가랑삼계탕,0507-1418-1373,서울 양천구 목동로 210 타운빌딩,매일 10:00 - 22:00 ,"한식,백숙,삼계탕",37.527306515,126.864434913,4.38,320
최고갈비,0507-1427-9280,서울 양천구 목동중앙북로7가길 54,평일 15:00 - 01:00 ,"한식,돼지고기구이",37.549866332,126.864765974,4.65,271
멕시카나치킨 목동역점,02-2652-0707,서울 양천구 신월로 338,매일 13:00 - 01:00 ,"한식,치킨,닭강정",37.521539645,126.858537093,4.46,47
오목교수정,02-2646-7850,서울 양천구 오목로 329-2 지하1층,매일 06:00 - 02:00 ,요리주점,37.525028097,126.87415191,4.46,41
14일의 설레임,0507-1434-8292,서울 양천구 월정로 20,매일 11:00 - 23:00 오픈/마감,"한식,돼지고기구이",37.52158694,126.84367233,4.53,272
담아,010-9706-5170,서울 양천구 월정로27길 25 1층,수요일 12:00 - 20:00 ,"카페,디저트",37.53155753,126.834115277,4.63,28
원조우리분식멸치국수,02-2691-9014,서울 양천구 오목로 14,매일 10:00 - 06:30 ,"한식,국수",37.521220954,126.839281696,4.32,543
달달애,0507-1413-0701,서울 양천구 목동로11길 2,평일 07:00 - 20:00 (빵나오는시간11:30),"디저트,베이커리",37.5235448,126.864496508,4.28,251
진대감 목동점,0507-1493-2001,서울 양천구 오목로 337-10,평일 11:30 - 24:00 B·T 15:00~17:00,"한식,소고기구이",37.52522615,126.875381775,4.23,207
샤오롱 중화요리,02-2693-8898,서울 양천구 중앙로45길 8-1 1층,평일 11:00 - 21:30 월요일:휴무,중식당,37.520771151,126.851766596,4.46,282
샐러디 목동41타워점,02-2648-1112,서울 양천구 목동동로 293 1층 1-29호 (현대41타워),평일 08:00 - 21:00 ,"다이어트,샐러드,디저트",37.528170534,126.87575425,4.54,311
사이공문,02-2644-0244,서울 양천구 목동동로 437 향도드림네스트 1층 107호,평일 11:00 - 21:00 BREAK TIME: 3:00PM~4:00PM  /  LAST ORDER: 8:00PM / 준비된 육수 소진시에는 조기마감할수있습니다.,베트남음식,37.537648298,126.884710783,4.5,103
고도커피,010-8426-5380,서울 양천구 오목로56길 2,수요일 11:00 - 21:00 ,"카페,디저트",37.524194841,126.873775222,4.53,102
모두랑즉석떡볶이,0507-1429-2580,서울 양천구 신월로 220 동방아파트,매일 10:30 - 21:00 ,"한식,떡볶이",37.521346238,126.846608107,4.59,95
띠아낭,070-4300-0707,서울 강서구 화곡로64길 72 1층 띠아낭,,베트남음식,37.555921481,126.856878127,4.49,209
우니크,0507-1315-7931,서울 강서구 마곡동로3길 6 NY타워 11층,,"한식,소고기구이",37.560078081,126.832654376,4.63,30
미전옥,0507-1314-1490,서울 강서구 공항대로45나길 41,매일 11:00 - 20:00 일요일휴무,"일식,덮밥",37.55619212,126.856289527,4.54,25
추가추어탕,0507-1348-7226,서울 강서구 양천로60길 60 108호(등촌동),,"한식,추어탕",37.556254103,126.857661492,4.47,86
타르데마,02-6397-1782,서울 강서구 강서로46길 9,,"디저트,베이커리",37.550897631,126.836947608,4.42,512
다원레스토랑,02-3665-3600,서울 강서구 공항대로65길 1-5,매일 11:00 - 24:00 ,"맥주,호프",37.550397012,126.867067442,4.38,75
미분당 마곡점,02-6949-4430,서울 강서구 마곡중앙6로 21 이너매스마곡1 1층 119호,매일 11:00 - 21:00 break time 15시-17시,베트남음식,37.560811768,126.829571728,4.62,121
호호방,0507-1349-4439,서울 강서구 마곡중앙로 161-1 마곡나루 캐슬파크 1층 115호,,이자카야,37.567853622,126.827452064,4.86,52
금고깃집 마곡본점,0507-1386-8295,"서울 강서구 마곡동로 61 109호,203-205호",,"한식,육류,고기요리",37.560631393,126.833161221,4.47,785
플립커피로스터스,070-7543-6545,서울 강서구 마곡중앙6로 45 1층 118호,,"카페,디저트",37.56063623,126.832728815,4.41,58
문어부인삼교비,0507-1422-7893,서울 구로구 경인로 661 신도림1차푸르지오아파트 상가 2층 228호,매일 11:00 - 23:00 연중무휴,"한식,문어부인삼교비",37.509048263,126.886988474,4.3,485
육풍 구로디지털단지점,0507-1330-0156,서울 구로구 디지털로32나길 20 육풍,평일 15:30 - 01:00 ,"한식,돼지고기구이",37.483859137,126.900656048,4.75,"1,178"
월래순교자관,02-855-8488,서울 구로구 디지털로19길 12,"매일 11:00 - 22:00 휴식시간 16:00-16:30,월요일 휴무",중식당,37.480317623,126.890070087,4.31,442
컴포 신도림점,0507-1318-3841,서울 구로구 경인로67길 23,수요일 11:30 - 23:00 ,베트남음식,37.51067657,126.889228752,4.68,464
라그릴리아 신도림디큐브시티점,0507-1376-9255,서울 구로구 경인로 662 디큐브시티 2층,매일 11:00 - 22:00 ( 마지막 주문 21시 00분 ),"양식,이탈리아음식",37.508134461,126.888206228,4.43,"1,429"
김영태의이자카야마을,0507-1428-8711,서울 구로구 디지털로32나길 17-12 2층,매일 17:00 - 02:00 ,이자카야,37.48438209,126.899976525,4.16,180
신림춘천집 구로디지털 직영점,070-8624-1998,서울 구로구 디지털로32나길 17-23 102호,평일 11:00 - 24:00 Break time 14:30 - 16:30,"한식,닭갈비",37.484023041,126.899867577,4.52,802
육회한연어시대 구로디지털단지점,02-869-3888,서울 구로구 디지털로32나길 22 1층,매일 10:00 - 04:00 코로나격상시 정부지침에 따름,한식,37.48399488,126.900756705,4.69,144
새벽집 양곱창,010-4049-2855,서울 구로구 경인로61길 21,매일 11:00 - 01:30 ,"곱창,막창,양,한식",37.507720877,126.884145046,4.53,60
스시메이진 구로점,02-6344-3782,서울 구로구 디지털로 300 지밸리비즈플라자,매일 11:30 - 22:00 연중무휴,"일식,초밥뷔페",37.484952724,126.896442477,4.21,891
까치화방 NC구로점,02-6923-2154,서울 구로구 구로중앙로 152 1층,수요일 10:30 - 21:00 ,"카페,디저트",37.501129015,126.882804757,4.51,145
구도로통닭 구로디지털점,0507-1424-8011,서울 구로구 디지털로32나길 35 2층  201호 구도로통닭,매일 15:00 - 04:00 ,"한식,치킨,닭강정",37.484708817,126.90085788,4.49,80
낀알로이알로이,0507-1364-2852,서울 구로구 새말로 102 포스빌 지하 112호,"매일 11:00 - 23:00 월요일 휴무, 브레이크타임 15시~17시 점심 라스트오더 14시,저녁 라스트오더 22시30분",태국음식,37.50577324,126.89140317,4.73,148
닥터로빈 고척점,02-2066-8211,서울 구로구 경인로46길 51 귀뚜라미 에너지 크린테니스장 3층,수요일 11:00 - 21:00 last order : 20:00 / break: 15:00~17:00,"양식,이탈리아음식",37.495578875,126.866354788,4.44,168
애슐리퀸즈 NC신구로점,02-6923-2472,서울 구로구 구로중앙로 152 NC신구로점 TWO관 7층,매일 11:00 - 21:00 샐러드바마감 21시,"양식,패밀리레스토랑",37.501129015,126.882804757,4.1,418
곱창대장,02-856-6067,서울 구로구 공원로6나길 46,매일 14:30 - 00:30 ,"한식,곱창,막창,양",37.504509226,126.892388104,4.67,232
어울림,02-867-9292,서울 구로구 공원로 41 현대파크빌,매일 11:30 - 22:00 연중무휴,"한식,한정식",37.5003393,126.889893493,3.8,148
고마워케이크,0507-1412-3906,서울 구로구 디지털로 300 롯데시티호텔 구로 1층,평일 10:30 - 22:30 ,"디저트,케이크전문",37.484952724,126.896442477,4.19,484
입춘,070-7760-0204,서울 구로구 디지털로35길 41 1층,수요일 11:30 - 20:30 마지막 주문 20:00,종합분식,37.487599949,126.895414508,4.51,227
라마노피자,0507-1435-2830,서울 구로구 디지털로34길 55 코오롱싸이언스밸리2차 B119-1,평일 11:00 - 21:00 B/T 14:30~16:00,"양식,피자",37.484345905,126.899285087,4.47,318
카츠랑 천왕점,0507-1373-7942,서울 구로구 오류로 20 새롬스타빌 1층 103호,매일 11:00 - 21:00 매주 일요일 휴무,"일식,돈가스",37.48615037,126.83950584,4.72,190
뒤뜰,0507-1306-1973,서울 구로구 안양천로539길 6,매일 11:30 - 22:30 추석/설날 명절 전날 ~ 당일 2일간 휴무,한식,37.505098858,126.870601938,4.27,451
상하이포차,02-860-5698,서울 구로구 새말로 102 신도림포스빌,매일 16:00 - 02:00 ,요리주점,37.50577324,126.89140317,4.41,192
낭만부대찌개,02-839-8090,서울 구로구 디지털로 288 대륭포스트타워1차 B104호,평일 11:00 - 21:00 Break time 15:30~17:00,"한식,찌개,전골",37.483565349,126.895499775,4.45,354
백년불고기 구로디지털점,0507-1310-5024,서울 구로구 시흥대로163길 15 1층,"평일 17:00 - 24:00 ** 매월 첫째,셋째 일요일 휴무 **","한식,육류,고기요리",37.481518123,126.899163965,4.44,80
속초붉은대게,0507-1408-8919,서울 구로구 경인로 584 신도림팰러티움,매일 12:00 - 23:00 ,"한식,대게요리",37.504017194,126.881935517,4.31,72
이름없는가게,02-2613-9488,서울 구로구 개봉로1나길 52,평일 12:00 - 18:30 휴무 블로그 참조,"디저트,카페",37.485536369,126.85243453,4.62,112
계림원 구로디지털점,0507-1431-0152,서울 구로구 디지털로32길 92 미래타워 1층 101호,매일 11:00 - 02:00 ,"한식,치킨,닭강정",37.482657862,126.899883542,4.31,345
으뜸명가,0507-1422-8926,서울 구로구 디지털로32가길 25 티타운빌딩 102-4호,평일 14:00 - 00:20 or 재료소진시까지,"한식,닭갈비",37.482148873,126.898930885,4.86,180
서울안심축산구로점,0507-1420-5445,서울 구로구 공원로 47 도림두산베어스타워,평일 11:30 - 23:00 연중무휴,"한식,소고기구이",37.500977052,126.88966426,4.27,158
택이네조개전골 구로디지털직영점,0507-1335-1470,서울 구로구 디지털로34길 27 대륭포스트타워3차 114호,평일 10:30 - 22:00 ,"한식,조개요리",37.48547005,126.898215917,4.29,350
방앗간정육식당,0507-1436-9306,서울 구로구 경인로67길 67-29,매일 11:30 - 22:30 ,"한식,정육식당",37.511501928,126.888369932,4.37,134
만원의행복실내포차,02-864-1708,서울 구로구 도림로12길 20,평일 16:30 - 24:00 ,포장마차,37.48656192,126.889091416,4.36,21
할머니추어탕,02-2615-1023,서울 구로구 개봉로19길 39 개봉동청송빌딩,매일 10:30 - 21:30 ,"한식,추어탕",37.493548781,126.855814481,4.43,747
걸작떡볶이치킨 구로디지털점,02-866-2821,서울 구로구 디지털로31길 12 태평양물산 108호,매일 11:30 - 22:30 연중무휴,분식,37.485337454,126.894893845,4.4,576
호우양꼬치 신도림점,0507-1404-8883,서울 구로구 경인로67길 23 푸르지오2차상가 2층 11호,평일 15:30 - 02:00 ,"중식,양꼬치",37.51067657,126.889228752,4.31,93
고기에미친남자,0507-1384-7897,서울 구로구 개봉로 6 1층,매일 11:30 - 23:00 ,"육류,고기요리,한식",37.486203667,126.85680798,4.73,270
철판집,0507-1308-0264,서울 구로구 경인로20가길 68 상가동 115호,수요일 17:00 - 02:00 방문에 착오 없으시길 바라겠습니다,요리주점,37.495585258,126.846646709,4.57,34
87닭강정 오류동본점,02-2060-6692,서울 구로구 서해안로30길 12,매일 12:00 - 24:00 ,"한식,치킨,닭강정",37.493216373,126.843903962,4.31,270
아씨펍크래프트,010-3362-6800,서울 구로구 새말로 102 신도림포스빌 147호,수요일 17:00 - 02:00 ,술집,37.50577324,126.89140317,4.51,174
키친브로망스,0507-1352-7339,서울 구로구 새말로16길 16 지하1층,매일 12:00 - 01:00 ,"양식,피자",37.504841084,126.890389298,4.36,28
손오공마라탕 구로디지털단지역점,0507-1469-7790,서울 구로구 디지털로32길 87 2층,매일 11:00 - 22:30 마지막 주문 22시,중식당,37.483262236,126.900116059,4.46,909
라크라센타,02-866-6202,서울 구로구 가마산로 242 1층,평일 08:00 - 21:00 ,"카페,디저트",37.494348178,126.887649307,4.45,739
한라산도새기,02-2616-7591,서울 구로구 경인로23길 1,매일 17:00 - 00:00 ,"한식,돼지고기구이",37.49646929,126.844014795,4.49,53
테이블 32,02-6905-9730,"서울 구로구 디지털로32길 72 포포인츠 바이 쉐라톤 서울 구로, 2층",평일 07:00 - 21:00 (뷔페 미운영),뷔페,37.483272773,126.898784991,4.22,96
오대양참치,02-2025-0034,서울 구로구 디지털로34길 55 코오롱싸이언스밸리2차,평일 11:30 - 23:00 Break time 15:00~17:00,"일식,생선회",37.484345905,126.899285087,4.24,207
바다쭈꾸미 개봉점,0507-1436-3390,서울 구로구 개봉로16길 6,수요일 휴무 수요일은 2시까지만합니다,"한식,주꾸미요리",37.489912263,126.856605403,4.38,129
스시쿠야 오류본점,02-2612-3330,서울 구로구 서해안로 2330,평일 11:00 - 23:00 15:00~17:00 close time,"일식,초밥,롤",37.49317068,126.843265809,4.28,159
명륜진사갈비 구로점,0507-1364-0232,서울 구로구 디지털로35길 37,매일 17:00 - 22:00 ,"한식,육류,고기요리",37.487707345,126.895550483,4.31,64
숙성의미껍데기 신도림역점,02-855-2480,서울 구로구 새말로16길 20 1층,매일 11:00 - 02:30 ,"한식,육류,고기요리",37.504624903,126.890567286,4.3,154
미도인 파이낸스여의도,02-780-1995,"서울 영등포구 국제금융로2길 32 파이낸스타워 2층 202, 203호","매일 10:40 - 21:00 ,점심 라스트 오더 14:50 , 브레이크타임 평일 15:00~17:00 저녁 라스트 오더 20:30 주말 16:00~17:00",양식,37.523880213,126.924126382,4.62,338
세상의모든아침,02-2055-4442,"서울 영등포구 여의대로 24 전경련회관 50층, 51층",매일 10:00 - 22:00 Break time 16:00~17:00,"디저트,브런치",37.521693217,126.920045279,4.23,"1,489"
진주집,02-780-6108,서울 영등포구 국제금융로6길 33,평일 10:00 - 20:00 ,"한식,국수",37.520796769,126.926909051,4.39,"2,992"
아루히,02-780-3903,서울 영등포구 여의나루로 42 2층,매일 11:30 - 21:30 (월~일/ Break Time 15:00~17:30),일식당,37.521364993,126.925020782,4.79,"2,216"
아리수만찬,02-2632-2100,서울 영등포구 노들로 111 양화선착장,매일 11:00 - 00:30 1층 선상바베큐 (월화수목일:밤12:30 / 금토: 새벽2시)  ,한식,37.545365965,126.893675136,4.21,569
또순이네,02-2672-2255,서울 영등포구 선유로47길 16 오오1004빌딩,매일 11:30 - 22:00 손님 점심식사(된장찌개) 시간 11:30 - 14:30,"한식,소고기구이",37.535866866,126.895386816,4.33,"1,381"
초밥마트,0507-1366-7274,서울 영등포구 선유서로 50 e편한세상 문래 에듀플라츠 상가 107호,"수요일 12:00 - 20:00 (런치 12시, 디너 18시 오픈 / 재료 소진 시 마감)","일식,초밥,롤",37.519881458,126.885042958,4.48,151
잠수교집 문래점,02-2632-0434,서울 영등포구 도림로 428-1 2층,매일 11:30 - 22:00 연중무휴,"한식,돼지고기구이",37.514221817,126.895477672,4.58,69
구석집,0507-1475-1232,서울 영등포구 국회대로36길 3-1 1층 구석집,수요일 10:30 - 22:00 브레이크타임 오후3시 ~5시까지,한식,37.526945993,126.8982455,4.49,263
아일랜드8,02-561-3622,서울 영등포구 도림로 440-22 1층,매일 12:00 - 14:00 CAFE TIME,양식,37.515128677,126.894772501,4.38,270
신길동매운짬뽕,010-5395-1151,서울 영등포구 영등포로62길 10-1,매일 13:00 - 23:00 ,중식당,37.515343144,126.916498664,4.22,360
카페1953위드오드리,0507-1324-0504,서울 영등포구 경인로77가길 12,매일 10:00 - 23:00 연중무휴,"카페,디저트",37.511970891,126.892153508,4.42,886
마이스페이스,0507-1366-0535,서울 영등포구 도림로141길 15 1층,평일 11:00 - 22:00 ,"디저트,베이커리",37.513850648,126.892289103,4.47,63
장미의집,02-782-2500,서울 영등포구 국제금융로7길 32 상가 2층,토요일 11:00 - 21:30 ,"한식,육류,고기요리",37.523572005,126.934485735,4.51,105
타마스시,0507-1400-1634,서울 영등포구 은행로 30 1층,매일 11:30 - 22:00 Break time 14:30~17:30,"일식,초밥,롤",37.528191347,126.922626782,4.63,246
바스버거 여의도점,02-784-6643,서울 영등포구 국제금융로 20 율촌빌딩 지하1층,평일 11:00 - 22:30 L.O 버거 21:30 / L.O. 튀김류 22:00 / Break Time - 수요일 15:30~16:30,"양식,햄버거",37.524888434,126.927297344,4.46,637
양키통닭 본점,070-8800-0815,서울 영등포구 도림로139길 13,평일 17:00 - 24:00 양키통닭&Second Floor,"맥주,호프",37.513673943,126.892759505,4.45,628
리스토란테 에오,0507-1308-1926,서울 영등포구 여의대로 108 더현대 서울 6층 리스토란테 에오,,"양식,이탈리아음식",37.525935313,126.928424286,4.7,329
동해도 본점,0507-1439-6302,서울 영등포구 은행로 25 안원빌딩 지하1층,평일 11:30 - 15:00 초밥은 아래 동해도스시로 연락부탁드립니다.,일식당,37.528714368,126.921411587,4.24,261
스시미소,0507-1388-7734,서울 영등포구 국회대로74길 20 지하1층 110-1호,매일 12:00 - 13:20 런치 1부,일식당,37.529635697,126.921529794,4.8,403
카페팜스프링스,0507-1420-1146,서울 영등포구 도신로60길 22-3 카페팜스프링스,평일 08:30 - 22:30 브런치11:30AM-7:30PM,"카페,디저트",37.509978603,126.917231688,4.9,689
언아이콘,0507-1300-7783,서울 영등포구 당산로33길 15 1층,평일 09:00 - 21:00 ,"카페,디저트",37.527399582,126.89522076,4.74,85
파스타고 문래,0507-1352-9103,서울 영등포구 선유서로 76 상가 1층 108호,매일 11:30 - 21:00 라스트오더 20:30,양식,37.522522605,126.885695647,4.77,115
홍콩참치만두,010-2189-9199,서울 동작구 동작대로29나길 35,매일 11:00 - 23:00 ,"한식,칼국수,만두",37.489666999,126.980615502,4.25,53
돌담,0507-1341-6935,서울 동작구 동작대로27다길 12 2층,매일 18:00 - 21:00 ,바(BAR),37.4870258,126.980352446,4.91,45
대원수산,010-5206-6962,서울 동작구 노들로 674 노량진수산시장 1층 63~62호 대원수산,수요일 24시간 ,"일식,생선회",37.514816345,126.937965961,4.75,162
시간을 들이다,0507-1318-2158,서울 동작구 국사봉5길 4 1층 베이커리,수요일 휴무 빵 품절시 조기 종료될 수 있습니다,"디저트,베이커리",37.497643017,126.93044795,4.66,"1,172"
형제상회,02-816-8227,서울 동작구 노들로 688 노량진수산시장 1층 북3문,평일 10:00 - 24:00 ,"일식,생선회",37.514614813,126.940833115,4.4,"1,045"
라시에스타,0507-1406-9087,서울 동작구 동작대로 21 양지빌딩 6층 라시에스타,매일 11:30 - 15:00 평일 런치 ,"양식,이탈리아음식",37.478542942,126.981385573,4.41,"2,286"
손선장,0507-1327-7006,"서울 동작구 노들로 674 86호, 87호, 88호",매일 09:00 - 23:59 ,"일식,생선회",37.514816345,126.937965961,4.75,192
전주전집,02-581-1419,서울 동작구 동작대로7길 19,매일 15:30 - 02:00 1층 (월 ~ 토),"전통,민속주점",37.479676368,126.9806556,4.25,827
장미맨숀 이수점,0507-1382-0314,서울 동작구 동작대로23길 15 1층,매일 17:00 - 02:00 ,요리주점,37.484115496,126.980896007,4.37,80
서일순대국,02-821-3468,서울 동작구 여의대방로24길 10-4,매일 08:00 - 23:00 명절 휴무,"한식,순대,순댓국",37.497917611,126.920913226,4.34,"1,692"
농부쌈밥,0507-1404-8005,서울 동작구 사당로30길 19,매일 11:00 - 21:30 ,"한식,쌈밥",37.484035162,126.981086073,4.41,223
렁트멍,02-825-0404,서울 동작구 장승배기로 26,평일 11:00 - 19:00 제품소진시 조기마감,"디저트,베이커리",37.500893395,126.941937089,4.56,333
모든것은당근케이크에서시작됐다,0507-1326-3032,서울 동작구 만양로 65-1 1층 카페 모당시,수요일 08:30 - 22:00 월요일 휴무,"카페,디저트",37.509534841,126.94552239,4.59,177
늘조은한우마을,02-6080-3958,서울 동작구 사당로29가길 47,수요일 12:00 - 22:00 연중무휴,"한식,육류,고기요리",37.48716261,126.979773056,4.92,112
홀썸,0507-1332-3557,서울 동작구 노량진로 10 [ 스페이스 살림 ] 1층 스타트업 매장 4호,수요일 12:00 - 19:00 ,"디저트,베이커리",37.512399365,126.927387999,4.73,130
골든볼9,02-826-7542,서울 동작구 노량진로14가길 11,수요일 06:30 - 20:00 ,한식뷔페,37.512803333,126.943123141,4.28,32
신온누리에생돈까스,02-823-8589,서울 동작구 여의대방로24길 107,매일 10:30 - 21:00 연중무휴,"일식,돈가스",37.499174123,126.925945269,4.3,403
신사펍,010-4849-1571,서울 동작구 동작대로 129 이호빌딩 4층,매일 17:00 - 01:00 ★ 정상영업중 ★ ( ※ 영업시간 오후 5시 - 오전 1시 로 변경 ),"맥주,호프",37.488288062,126.981891692,4.37,163
스톤504,0507-1385-0504,서울 동작구 상도로61길 54 1층 스톤504,매일 11:00 - 24:00 연중무휴,"양식,스테이크,립",37.49463551,126.957766896,4.45,245
소담촌 사당직영점,02-522-0653,서울 동작구 동작대로 43 5층,매일 11:00 - 22:00 평일점심11:00~15:00/브레이크타임없음,"한식,샤브샤브",37.480376747,126.981368368,4.52,545
파로,0507-1348-9881,"서울 동작구 사당로23바길 14 2층,3층",매일 11:30 - 21:00 Last Oder 20:00 매주 월요일 휴무,"스파게티,파스타전문,양식",37.490066126,126.970586594,4.67,66
사이공리,02-822-1763,서울 동작구 장승배기로17길 1,매일 11:00 - 21:00 ,베트남음식,37.507112819,126.939624859,4.53,707
3공간,0507-1308-7923,서울 동작구 동작대로9길 8-10 1층,"매일 18:00 - 24:00 금,토 새벽 2시까지",와인,37.481024932,126.981322465,4.2,41
비단콤마,02-811-0072,서울 동작구 상도로30길 40 상가 A동 107호,수요일 09:30 - 22:00 ,"디저트,브런치",37.504323698,126.942434387,4.26,182
보성식당,02-523-3637,서울 동작구 동작대로17길 3,매일 11:30 - 21:00 (브레이크타임 15~17시30분),한식,37.482690523,126.981329168,4.3,233
닭발집,02-826-0043,서울 동작구 장승배기로 123-1 2층,매일 11:00 - 24:00 일요일 휴무,"한식,닭발",37.508632859,126.939950442,4.32,623
동굴화로구이,0507-1496-8592,서울 동작구 동작대로 71,평일 10:30 - 22:30 연중무휴,"한식,육류,고기요리",37.48285286,126.981547371,4.57,959
크래프트한스 이수점,0507-1410-9459,서울 동작구 동작대로27길 42,"매일 17:00 - 02:00 금,토 예약불가","맥주,호프",37.487789433,126.979876738,4.67,396
호우양꼬치 이수점,010-7299-6697,서울 동작구 동작대로27다길 9,매일 15:00 - 03:00 ,"중식,양꼬치",37.487183939,126.980580755,4.52,723
고가네숯불구이통닭,02-825-0095,서울 동작구 상도로22길 5,매일 16:00 - 01:00 품절시까지,"치킨,닭강정",37.502891734,126.936592782,4.43,382
라이베쿠헨,0507-1407-6420,서울 동작구 노량진로26길 23 라이베쿠헨,수요일 12:00 - 23:59 ,양식,37.511547927,126.954692638,4.85,17
오감만족,02-822-5697,서울 동작구 장승배기로23길 1,매일 18:00 - 03:00 ,포장마차,37.509997663,126.939777559,4.53,130
독도수산,0507-1312-0225,서울 동작구 노들로 674 노량진수산시장신건물1층 남1문좌측 활어2호3호4호,평일 00:00 - 24:00 연중무휴,"일식,생선회",37.514816345,126.937965961,4.76,"1,511"
노브랜드버거 노량진점,02-3280-9716,서울 동작구 만양로 106 1층 노브랜드버거 노량진점,매일 10:00 - 22:00 ,"양식,햄버거",37.512950651,126.944468349,4.47,"1,457"
백채김치찌개 사당점,02-3474-3475,서울 동작구 동작대로7길 10,매일 11:00 - 24:00 연중무휴,"한식,찌개,전골",37.480004586,126.981016277,4.54,214
박군하누,0507-1375-1801,서울 동작구 서달로15길 23 1층,평일 17:00 - 23:00 매주 일요일 휴무입니다,"한식,소고기구이",37.508487045,126.961655534,4.79,68
방배양곱창,02-6406-0079,서울 동작구 동작대로23길 27,평일 16:00 - 00:00 ,"한식,곱창,막창,양",37.484091779,126.980200882,4.35,114
파니모들,0507-1476-8252,서울 동작구 동작대로 153 원옥빌딩 1층,수요일 휴무 ,"카페,디저트",37.490230347,126.982219636,4.48,159
소백양훠궈샤브,0507-1325-3253,서울 동작구 동작대로29길 8 2층 소백양샤브샤브,매일 11:00 - 24:00 ,"한식,샤브샤브",37.488164659,126.981567634,4.5,197
샹드블레,0507-1333-6823,서울 동작구 동작대로11길 104,평일 09:00 - 21:30 ,"디저트,베이커리",37.481627122,126.975762007,4.44,129
호호칼국수,0507-1491-5018,서울 동작구 사당로16가길 54,매일 11:00 - 20:00 ,"한식,칼국수,만두",37.483818585,126.970710787,4.44,24
팔팔해물탕,02-817-2789,서울 동작구 여의대방로22길 14-3,매일 11:30 - 22:30 ,"한식,매운탕,해물탕",37.497421608,126.920412022,4.42,120
도로도로커피숍,0507-1325-7026,서울 동작구 노량진로 145 1층,수요일 00:00 - 23:59 3월 31일 마지막주수요일 휴무 ,"카페,디저트",37.513856753,126.942058759,4.66,184
무한장어 신대방점,0507-1410-8954,서울 동작구 상도로 50 제일빌딩.동작구 신대방동 404-13,매일 12:00 - 23:00 ,"한식,무한장어",37.499563221,126.926019209,4.33,83
산천칡냉면전문,02-3472-2849,서울 동작구 사당로12길 2,매일 11:30 - 20:00 ,한식,37.484476878,126.970881849,4.42,351
돈까스회관 신대방삼거리역점,0507-1331-3189,서울 동작구 상도로 77 1층,매일 11:00 - 21:00 ,"한식,돈가스",37.499893352,126.929230618,4.49,202
루시케이크,0507-1472-0072,서울 동작구 동작대로33가길 9 1층,"평일 11:00 - 19:30 일,월,공휴일 휴무","디저트,케이크전문",37.49006572,126.981713314,4.38,12
텐카이치,02-6396-5455,서울 동작구 만양로14길 24,매일 11:00 - 20:00 LAST ORDER 19:30분,"일식,일본식라면",37.511885957,126.945628119,4.46,236
화덕소곱창,0507-1394-1228,서울 동작구 남부순환로269길 9,매일 17:00 - 24:00 일요일휴무,"곱창,막창,양,한식",37.477324307,126.978270574,4.39,45
안녕베트남,02-877-3875,서울 관악구 관악로14길 70 효림빌딩 지하1층 안녕베트남,"매일 11:30 - 22:00 휴식시간 15:00-17:00, Last order 14:30",베트남음식,37.478240813,126.95634757,4.33,645
모힝 낙성대점,0507-1436-3234,서울 관악구 봉천로62길 7,평일 11:30 - 14:30 연중무휴,양식,37.477630912,126.958969632,4.65,"1,992"
윤이불닭발,0507-1334-0930,서울 관악구 남부순환로143길 10,매일 11:00 - 02:00 ,"한식,닭발",37.481782393,126.911014882,,1
고요서울,02-876-1232,서울 관악구 남부순환로226길 31 2층,매일 12:00 - 22:00 매주 화요일 휴무,"카페,디저트",37.479231647,126.953759636,4.25,246
쟝블랑제리,02-889-5170,서울 관악구 낙성대역길 8,"매일 07:00 - 22:00 명절 당일만 휴무, 공휴일 정상영업","디저트,베이커리",37.477200916,126.961985561,4.43,"9,402"
동경산책,0507-1343-0666,서울 관악구 관악로14길 30,매일 11:30 - 22:00 ,일식당,37.47890128,126.954188358,4.49,381
소풍가는날,02-876-7792,서울 관악구 봉천로 605,수요일 08:00 - 19:00 브레이크타임 14:00~16:00 재료소진시 마감,종합분식,37.476086189,126.96460994,4.54,"1,127"
사담,02-882-7501,서울 관악구 남부순환로 1852 5층,매일 11:00 - 21:00 ,"디저트,브런치",37.479912891,126.955596979,4.76,69
덮밥 장사장,02-6439-3228,서울 관악구 남부순환로234길 31 1층 덮밥장사장,매일 11:00 - 21:00 브레이크 타임 15:00~16:30 / 라스트 오더 런치-14:30 디너-20:30 매장 상황에 따라 변동될 수 있습니다.,일식당,37.477947141,126.956829177,4.58,71
킷사서울,02-878-7444,서울 관악구 남부순환로226길 31 2층 킷사서울,매일 11:30 - 22:00 매주 화요일 휴무/ Break time 15:00~17:00,일식당,37.479231647,126.953759636,4.3,831
미가할매집,02-888-6940,서울 관악구 신림로 374,평일 11:30 - 22:00 ,"한식,육류,고기요리",37.487707854,126.929008623,4.39,"1,135"
시트론오피스,02-878-0407,서울 관악구 남부순환로234길 18 2층 카페 시트론오피스,매일 12:00 - 23:00 휴무공지 인스타참조,"카페,디저트",37.478575041,126.956944682,4.42,196
모다모다,0507-1425-3233,서울 관악구 관악로14길 36 1층,평일 15:00 - 17:00 Break Time,카레,37.478812229,126.954498056,4.46,354
시골집,02-874-7333,서울 관악구 낙성대로 22-7,매일 11:00 - 22:00 Break Time 16시~17시,한식,37.476861117,126.958476119,4.45,440
발루토,02-875-1155,서울 관악구 신림로23길 28 VALUTO,매일 09:00 - 23:00 ,"카페,디저트",37.469746679,126.934684387,4.46,303
고모네 식당,02-838-8478,서울 관악구 신원로 23,매일 10:00 - 08:00 배달폭주로인하여 육회가 더빨리소진될수있습니다.,"한식,육류,고기요리",37.481577306,126.928062898,4.34,407
kitchen& pub 몽중인,02-882-6659,서울 관악구 관악로14가길 13,평일 17:00 - 22:00 ,중식당,37.4777875,126.956080553,4.42,165
박명주브라더,0507-1428-9411,서울 관악구 관악로14길 89,매일 12:00 - 22:00 ,"한식,닭볶음탕",37.478166973,126.957412503,4.31,354
전주익산,010-8760-0763,서울 관악구 신림로59길 14 원빌딩,매일 10:00 - 02:00 연중무휴,"한식,순대,순댓국",37.48329773,126.92878343,4.66,421
롯데리아 서울대입구역점,02-883-6816,서울 관악구 관악로 165,매일 00:00 - 24:00 ,"양식,햄버거",37.480041595,126.952102459,4.35,"1,400"
미남참치 신림점,02-875-7538,서울 관악구 남부순환로 1589,수요일 17:00 - 01:30 화~토요일 1시30분마감 입니다,"일식,생선회",37.484227907,126.927183729,4.4,151
고베그릴,0507-1414-6073,서울 관악구 남부순환로 2082-25 삼진장,매일 11:30 - 23:50 연중무휴,"한식,소고기구이",37.476006553,126.981033622,4.21,"1,011"
로향양꼬치 1호점,0507-1303-5918,서울 관악구 관악로16길 35 푸르빌 아파트,매일 12:00 - 02:00 추석 정상영업,"중식,양꼬치",37.479983056,126.954681295,4.52,921
키요이 Bistro,070-8867-5700,서울 관악구 관악로14길 65,매일 18:00 - 02:00 화요일휴무,일식당,37.478512796,126.956152252,4.59,123
퍼블리코타코,02-871-6282,서울 관악구 관악로14길 106 1층,매일 11:30 - 23:00 ,"멕시코,남미음식",37.477652752,126.95822403,4.42,195
토끼네마굿간,02-879-0911,서울 관악구 남부순환로230길 28 2층 플라워샵&레스토랑 래빗스테이블,수요일 12:00 - 22:00 Last order 21:00,"양식,이탈리아음식",37.478850618,126.955431588,4.6,799
메이드바이아린,0507-1436-5002,서울 관악구 관악로12길 47 대명빌딩 1층,매일 12:30 - 20:00 화요일휴무,"디저트,베이커리",37.477848367,126.955050984,4.56,234
강강술래신림본동점,02-886-9233,서울 관악구 남부순환로 1660,매일 11:00 - 23:00 ,"한식,육류,고기요리",37.484572996,126.935034078,4.32,"1,983"
우디 가스트로,02-887-8908,서울 관악구 관악로 116,평일 11:30 - 23:00 브레이크 타임 15:00 ~ 17:00,"양식,이탈리아음식",37.475604539,126.95308355,4.46,83
카페폴,070-8100-9091,서울 관악구 남부순환로234길 43 1층,매일 10:00 - 22:00 ,"카페,디저트",37.477552074,126.956731112,4.38,183
달첨시루,0507-1343-5132,서울 관악구 관악로12길 104,매일 12:00 - 22:00 일요일 휴무,"디저트,떡카페",37.4771473,126.958119964,4.6,168
수산식당,0507-1414-6071,서울 관악구 남부순환로 2082-25 삼진장,매일 11:30 - 23:50 연중무휴,"일식,생선회",37.476006553,126.981033622,4.09,169
가츠가게,0507-1483-7007,서울 관악구 낙성대로4가길 12,매일 11:30 - 21:00 연중무휴,"일식,돈가스",37.476650775,126.958540554,4.55,155
하라고지페,0507-1327-2782,서울 관악구 관악로14길 106 지하 1층,평일 19:00 - 02:00 인스타그램 참고 부탁드립니다! ,와인,37.477652752,126.95822403,4.39,59
외래향 서울대점,02-888-1224,서울 관악구 남부순환로 1801 벽송빌딩 2층,수요일 11:30 - 21:30 브레이크 타임 14:30~16:30/라스트오더 14:20(점심)20:20(저녁)/재료소진시 영업마감합니다.,중식당,37.481858861,126.950367444,4.35,612
황소곱창,02-875-7622,서울 관악구 관악로15길 39,평일 17:00 - 22:00 연중무휴,"한식,곱창,막창,양",37.480318619,126.950184273,4.02,61
계탄언니,02-588-9929,서울 관악구 과천대로 951,매일 11:00 - 22:00 Last Order 21:30,"한식,닭갈비",37.475491133,126.981277395,4.39,75
충청삼겹,02-876-8810,서울 관악구 남부순환로230길 15,매일 11:30 - 01:00 ,"한식,육류,고기요리",37.479268926,126.955574353,4.46,185
젠젠 서울대입구점,02-878-5857,서울 관악구 관악로12길 23 1층,수요일 12:00 - 22:00 라스트오더 21:00 / 화요일 휴무,"카페,디저트",37.478136393,126.953760916,4.5,124
새우당,0507-1409-8294,서울 관악구 남부순환로234길 19 1층,매일 12:00 - 21:00 15:00~17:00 브레이크타임/  점심 마지막 주문 14:30 / 저녁 마지막 주문 20:30,"한식,해물,생선요리",37.478535924,126.95714766,4.34,212
동아전,0507-1403-3741,서울 관악구 남부순환로 1921,매일 17:00 - 05:00 ,요리주점,37.477661684,126.962793588,4.51,45
파고,0507-1337-2249,서울 관악구 행운1길 40 신화로즈빌 1층 105호,수요일 16:00 - 00:00 ,와인,37.480584707,126.957390472,4.47,71
무삥과 팟타이,0507-1393-5788,서울 관악구 봉천로 596 2층,매일 11:00 - 22:00 월요일휴무,태국음식,37.476193216,126.963440632,4.68,256
테일러슬라이스피자,02-3285-1604,서울 관악구 관악로14길 28 1층,평일 13:00 - 23:30 ,"양식,피자",37.478949278,126.953982594,4.48,58
와인창고잡,02-876-4416,서울 관악구 남부순환로226길 31,평일 17:00 - 02:00 일~목요일이 평일입니다.,와인,37.479231647,126.953759636,4.32,82
못골낙곱새,0507-1335-1977,서울 관악구 남부순환로 1936,평일 11:30 - 23:00 화요일 오후5시~ 오후 11시까지/ 브레이크타임 오후 3~4시,"한식,낙지요리",37.476619286,126.963959142,4.36,157
카페 청신호,010-4217-7071,서울 관악구 관악로12길 30,매일 11:00 - 23:00 마지막 주 월요일 휴무,"카페,디저트",37.477912075,126.95410242,4.53,46
용마커피,070-7500-7974,서울 관악구 관악로14길 45,매일 13:00 - 02:00 ,"디저트,카페",37.47880369,126.955022236,4.36,265
까꿍돼지사당삼겹살,0507-1357-1981,서울 관악구 남현1길 68-6,평일 13:00 - 23:30 ,"한식,육류,고기요리",37.475548322,126.98108675,4.43,102
신풍루 곱창구이,02-877-6681,서울 관악구 은천로2길 18 1층,매일 13:30 - 24:00 연중무휴,"한식,곱창,막창,양",37.485824339,126.937674102,4.44,138
설마중,0507-1407-8888,서울 서초구 남부순환로 2648,매일 11:30 - 22:00 연중무휴,"한식,한정식",37.485000704,127.040363886,4.47,295
카츠8,02-3471-8887,서울 서초구 서초대로74길 11 삼선전자 서초사옥 B1 카츠8,매일 11:00 - 22:00 last order 21:00,일식당,37.496574348,127.026941229,4.4,144
미국식,0507-1320-8914,서울 서초구 동광로24길 50 1층,매일 11:30 - 21:00 LastOrder 20:30,"양식,햄버거",37.491002036,126.993887202,4.27,133
진스시,02-588-3330,서울 서초구 강남대로43길 22-2,매일 11:30 - 22:00 Break Time 15:00~17:00,일식당,37.487519729,127.031124468,4.27,131
3대삼계장인,02-522-2270,서울 서초구 반포대로28길 56-3 1층,매일 11:00 - 21:50 ,"한식,백숙,삼계탕",37.491302115,127.011591976,4.44,471
FOURB 강남,0507-1478-2252,서울 서초구 사평대로 205 센트럴시티 파미에스테이션 1층 106호,"매일 08:00 - 22:00 20:30 샌드위치 주문 마감, 21:20 음료 및 베이커리 주문 마감, 라스트 오더 이후 영업 종료시까지 베이글 포장 가능","디저트,브런치",37.504450567,127.007740587,4.5,354
애플하우스,02-595-1629,서울 서초구 신반포로 50,매일 10:30 - 21:00 매일  21:00 영업 종료 이며  마지막 주문가능 시간은 20:30 입니다.,"분식,떡볶이",37.501785187,126.990140685,4.37,"4,163"
시그니처랩 반포점,010-2777-7628,서울 서초구 신반포로 194 서울고속버스터미널경부 영동선 1층 점포26호,매일 10:30 - 21:00 ,"양식,스파게티,파스타전문",37.506435307,127.006833068,4.54,197
카페 노티드 서래,0507-1350-2387,서울 서초구 방배로32길 30-9 101호,매일 09:00 - 21:00 ,"디저트,베이커리",37.491394094,126.993420853,4.43,"1,214"
마루심,02-592-8998,서울 서초구 고무래로10길 10 청구빌딩 1층,평일 11:00 - 22:00 Break time 15:00~17:00,"한식,장어,먹장어요리",37.501920366,127.010472921,4.34,634
도우룸,02-535-9386,서울 서초구 방배동 797-20,매일 11:30 - 22:00 (브레이크타임 15시~18시),"양식,스파게티,파스타전문",,,4.34,323
모던눌랑 센트럴시티점,0507-1421-5005,서울 서초구 사평대로 205,매일 11:30 - 22:00 (Last Order 21:00),중식당,37.504450567,127.007740587,4.3,849
테이블포포,010-2683-6480,서울 서초구 사평대로14길 11 명빌딩,"매일 12:00 - 22:00 명절 휴무,브레이크타임(15:00~1800)","양식,이탈리아음식",37.497738064,126.994440603,4.66,673
강남명전,0507-1363-3371,서울 서초구 강남대로65길 12 1층 강남명전,매일 16:30 - 02:30 (오더마감 01:00),"한식,전,빈대떡",37.500516608,127.024722266,4.36,88
스와니예,02-3477-9386,서울 서초구 반포동 549-17,매일 12:00 - 15:00 ,양식,37.498389890616075,127.00201362680068,4.64,226
더리버 벨라쿠치나,0507-1309-7145,서울 서초구 반포동 1338,매일 12:00 - 15:00 14:00 / Last Order,양식,37.506208589592575,126.98642369611923,4.23,68
비지트,0507-1442-0171,서울 서초구 동광로18길 82,수요일 11:00 - 18:30 ,"디저트,브런치",37.488373616,126.991407229,4.77,24
카페온화 서초점,02-585-8851,서울 서초구 반포대로 105,평일 08:30 - 20:30 L.O 19:30,"카페,디저트",37.489518825,127.008402165,4.37,53
더리버,0507-1424-1975,서울 서초구 반포동 1338 한강반포지구 내 유선장,매일 12:00 - 21:00 15:00~17:30 / Break Time,"양식,이탈리아음식",37.50687037751143,126.98513369796561,4.57,346
이솔라 레스토랑,02-533-0077,서울 서초구 올림픽대로 2085-14,평일 11:30 - 14:30 평일점심,"양식,이탈리아음식",37.512422815,126.995948447,4.4,702
한우다이닝 울릉,02-581-2235,서울 서초구 서운로 135,평일 11:00 - 15:00 라스트오더 14:30,"한식,소고기구이",37.495517124,127.024529717,4.53,206
플랫나인,0507-1389-9630,서울 서초구 강남대로65길 10 5층,평일 18:00 - 02:00 일~목 (정상운영시),바(BAR),37.500496033,127.024954302,4.87,120
교대플랫 브런치카페,0507-1433-1224,서울 서초구 서초중앙로22길 22-7,수요일 10:00 - 08:00 매주 월요일 휴무!,"카페,디저트",37.492906563,127.015337179,4.67,264
비지엠커피,0507-1331-5940,서울 서초구 청두곶3길 22 1층 bgm coffee,수요일 12:00 - 22:00 ,"카페,디저트",37.478864976,126.98402447,4.71,92
한성돈까스,02-540-7054,서울 서초구 강남대로97길 10 1층,매일 11:00 - 22:00 연중무휴,"양식,돈가스",37.514815791,127.019090921,4.36,876
모먼트 모던 이터리,0507-1333-2882,서울 서초구 서초대로27길 39,수요일 10:40 - 17:00 라스트 오더 - 16:10,"디저트,브런치",37.489737227,126.993901522,4.16,67
타쿠미곤,0507-1390-1935,서울 서초구 사평대로18길 10 한국회관 2층,매일 12:00 - 22:00 브레이크타임: 15:00~18:00,일식당,37.498402143,126.995594549,4.52,50
호라이즌,02-3479-1992,서울 서초구 신반포로 176 신세계백화점 강남점 3층,평일 10:30 - 20:00 ,"카페,디저트",37.504281262,127.004566674,4.55,21
오리에,070-8869-5454,서울 서초구 서초대로32길 8,수요일 10:00 - 16:00 15시 라스트오더 입니다^^,"디저트,샌드위치",37.488324506,126.996954352,4.54,97
프로간장게장 신사본점,02-543-4126,서울 서초구 강남대로97길 9 프로빌딩,매일 10:00 - 05:00 연중무휴,"한식,게요리",37.514579437,127.0191622,4.29,171
차알,02-6282-3218,서울 서초구 사평대로 205 파미에스테이션 2층,매일 11:00 - 21:30 주방마감 20:30,중식당,37.504450567,127.007740587,4.39,945
리에또,0507-1400-5291,서울 서초구 방배천로4안길 20,평일 11:30 - 21:30 ,"양식,스파게티,파스타전문",37.479008905,126.983379001,4.64,"4,375"
프리퍼,0507-1412-0962,서울 서초구 반포대로5길 4 성원빌딩 1층,평일 08:00 - 21:00 Last order 20:30,"카페,디저트",37.482081441,127.011430061,4.48,241
델리쎄 106,02-534-3412,서울 서초구 동광로 106 원방빌딩 1층,"평일 11:30 - 22:00 L.O. (Course 14:00/20:00),(A La Carte 14:30/20:30)-5분전 모두 입장시","양식,이탈리아음식",37.493643157,126.993851228,4.63,710
스시고,02-595-4700,서울 서초구 사평대로22길 15,매일 12:00 - 13:30 Break time 15:00~18:,일식당,37.49893322,126.997881127,4.6,68
도셰프,0507-1433-1136,서울 서초구 강남대로89길 14,매일 11:30 - 22:00 명절 당일 휴무,"양식,이탈리아음식",37.509457023,127.021105577,4.3,330
볼라레,02-537-1100,서울 서초구 사평대로20길 8 성훈빌딩,매일 11:30 - 22:00 주방마감 20:45,"양식,이탈리아음식",37.499078424,126.996892072,4.29,128
라메종뒤땅,010-7750-5126,서울 서초구 서초대로51길 26 람코교대빌딩 1층,평일 18:00 - 01:00 ,와인,37.496267758,127.014029033,4.71,17
장꼬방묵은김치찌개전문,02-522-0035,서울 서초구 효령로 364 장꼬방,매일 09:30 - 23:00 ,"찌개,전골,한식",37.486906506,127.023652933,4.38,"1,161"
리밍,02-583-5989,서울 서초구 반포대로22길 100 삼덕빌딩,매일 11:00 - 22:00 일요일휴무,중식당,37.491218098,127.013596452,4.7,217
엔트런스,0507-1325-0727,서울 서초구 사임당로19길 72-3,평일 10:00 - 20:00 ,"디저트,카페",37.492476532,127.019062828,4.59,66
로흐,010-6688-9326,서울 서초구 사평대로53길 8-1 1층 로흐,수요일 12:00 - 20:00 ,"카페,디저트",37.504847306,127.021911103,4.81,51
백화네부엌 교대점,02-586-9876,"서울 서초구 반포대로28길 76 1층, 지하1층",매일 11:00 - 04:00 브레이크타임 16:00~17:00,요리주점,37.491730527,127.01246779,4.44,405
온유월식당 1호점,0507-1317-3608,서울 서초구 신반포로 177 반포쇼핑 3동 지하 1층 20호,매일 15:00 - 00:00 ,"한식,육류,고기요리",37.506094789,127.003396435,4.54,406
그릿 918 베이커리 카페,02-535-0918,서울 서초구 법원로2길 24,매일 08:00 - 02:00 ,"디저트,베이커리",37.494103915,127.013248431,4.28,480
송강,0507-1448-9288,서울 서초구 명달로9길 5 정호빌딩1층,평일 11:30 - 22:00 브레이크타임3시ㅡ4시30분,"한식,장어,먹장어요리",37.481883599,127.004485975,4.41,82
훈감동,0507-1325-0516,서울 서초구 동광로7길 33 선명빌딩 101호,매일 11:30 - 15:00 Lunch (14:30 라스트오더),"일식,덮밥",37.492299776,126.984925867,4.5,205
리숨두부,1833-9984,서울 서초구 원터4길 7,평일 10:00 - 21:00 마지막 주문 20시30분,"한식,두부요리",37.443722463,127.0557304,4.3,548
피제리아 호키포키,0507-1303-5747,서울 서초구 반포대로9길 28 1층,평일 11:30 - 15:00 Last Order 14:30,"양식,피자",37.483131423,127.010127368,4.28,112
스시효 서초점,02-521-3593,서울 서초구 서초동 1327,평일 11:30 - 14:30 점심영업,"초밥,롤,일식",37.495750637113545,127.02710738447088,4.44,85
트리오드,02-568-9427,서울 강남구 강남대로94길 28 유니언타운 L층,매일 11:00 - 22:00 ,"디저트,브런치",37.499641607,127.02960242,4.65,159
테라스룸,0507-1417-1041,서울 강남구 선릉로152길 37 올리브빌딩 테라스룸,수요일 11:30 - 22:00 ,양식,37.524634484,127.042682125,4.33,162
장정정,0507-1328-9700,서울 강남구 삼성로 517,평일 11:00 - 22:30 (준비시간13:30~17:30),일식당,37.508042964,127.055545096,4.5,314
카페 노티드 청담,0507-1426-9399,서울 강남구 도산대로53길 15 1층,매일 09:00 - 21:00 ,"카페,디저트",37.52416538,127.038235629,4.41,"6,182"
안주집,0507-1339-5357,서울 강남구 도산대로11길 34 지하1층,수요일 16:00 - 00:00 ,요리주점,37.519733836,127.022537496,4.61,44
구들,010-7559-1592,서울 강남구 선릉로155길 26 3층,수요일 18:00 - 21:00 명절당일 휴무,한식,37.525768378,127.03758575,4.63,49
바비레드 강남본점,02-3452-1515,서울 강남구 봉은사로6길 39 바비레드,매일 11:30 - 22:00 라스트 오더 21:00,"양식,이탈리아음식",37.502686964,127.027942361,4.32,"2,010"
일상정원,02-3466-8070,서울 강남구 봉은사로 524 오크우드 프리미어 호텔 코엑스 별관 지하2층,매일 11:00 - 22:00 주문마감: 21시,한식,37.512953367,127.057115634,4.38,137
연남토마 가로수길점,0507-1325-8064,서울 강남구 도산대로15길 32-10 1층,매일 11:30 - 22:00 LAST ORDER 20:30,퓨전음식,37.520926412,127.023527036,4.59,262
휴고 도산,0507-1329-7166,서울 강남구 도산대로49길 31 106호,"수요일 12:00 - 00:00 15:00-17:30 브레이크타임 (음료, 디저트메뉴 가능), 라스트오더 21:00",양식,37.525035549,127.036908015,4.59,46
팀호완 삼성점,0507-1374-3082,서울 강남구 봉은사로86길 30 1층,매일 11:30 - 21:30 ,"딤섬,중식만두",37.511448223,127.056865961,4.36,"1,857"
BISTROT de YOUNTVILLE,02-541-1550,서울 강남구 선릉로158길 13-7 이안빌딩 1층,매일 11:30 - 15:00 Last order 14:00 점심,"양식,프랑스음식",37.526073283,127.041233806,4.65,"1,544"
곰바위 본점,0507-1404-0068,서울 강남구 영동대로115길 10,평일 11:00 - 22:30 Last order 22:00,"한식,곱창,막창,양",37.51489307,127.058813838,4.34,415
텍사스데브라질 압구정점,02-3442-7734,서울 강남구 논현로 854 안다즈 호텔 지하 1층,"평일 11:30 - 22:00 Last order 점심15:00 /저녁 21:30   Break Time 16:00 - 17:30 | 주차: 지하 5층 전용 주차장 이용, 2시간 무료)","한식,스테이크,립",37.525216159,127.028875628,4.29,"1,961"
울랄라하우스라운지&다이닝,0507-1355-9553,서울 강남구 언주로173길 16 1층,매일 10:00 - 21:00 Member Lounge 14:00~17:00,"양식,패밀리레스토랑",37.52817876,127.032168417,4.84,16
청담25,02-3443-2577,서울 강남구 압구정로79길 32 2층,매일 00:00 - 24:00 일요일 밤 11시까지 영업 (월요일 오전 10시 오픈),한식,37.525164058,127.049761925,4.27,145
정식당,02-517-4654,서울 강남구 선릉로158길 11,평일 12:00 - 15:00 Lunch (Last Order 14:00),한식,37.525658827,127.041081144,4.34,"1,144"
뉴욕라츠오베이글스,02-3448-7777,서울 강남구 압구정로48길 28 건물전체,수요일 08:00 - 20:00 ,"디저트,베이글",37.526862693,127.036622673,4.57,270
아우어베이커리 가로수길점,02-546-3800,서울 강남구 강남대로162길 39,매일 09:00 - 22:00 월요일-일요일,"디저트,베이커리",37.520949247,127.021462496,4.44,"2,855"
화빙장,02-540-2999,서울 강남구 압구정로50길 8,매일 17:30 - 03:00 ,와인,37.527793279,127.038027308,4.47,15
호랑이식당,02-508-6655,서울 강남구 봉은사로4길 20 라파엘 빌딩 1층,매일 12:00 - 21:00 Last Order 20:30,아시아음식,37.503465378,127.026340411,4.27,271
아우어베이커리 도산본점,02-545-5556,서울 강남구 도산대로45길 10-11 JYC2빌딩,평일 09:00 - 21:00 ,"디저트,베이커리",37.523554859,127.036879973,4.41,"1,751"
호족반,0507-1399-3353,서울 강남구 언주로164길 39 1층,"매일 11:30 - 21:30 *OFFLINE STORE 라스트 오더 20:30 *DELIVERY 라스트 오더 21:30 (쿠팡이츠, 배달의 민족, 요기요)",한식,37.525468405,127.036747535,4.29,648
스시 이토,02-543-2425,서울 강남구 선릉로153길 22,평일 12:00 - 14:00 ,"일식,초밥,롤",37.525022475,127.037594194,4.34,96
알라보 강남점,0507-1318-0939,서울 강남구 테헤란로 129 강남N타워 1층,평일 09:00 - 21:00 ,"디저트,다이어트,샐러드",37.499939761,127.032366435,4.47,850
을지다락 강남,0507-1343-9474,서울 강남구 강남대로96길 22 2층,"평일 11:30 - 21:30 L,O.(lunch 14:30, dinner 20:30) 단, 재료 소진시 조기 영업종료될 수 있음을 양해부탁드려도 될까요?","양식,이탈리아음식",37.499948922,127.028783681,4.61,540
프레젠티,0507-1442-8923,서울 강남구 도산대로11길 31-7,매일 12:00 - 15:00 BREAK TIME (15:00-16:30),와인,37.519169264,127.021889984,4.87,126
온기정,02-545-7940,서울 강남구 압구정로4길 13-9 1층 온기정,매일 11:30 - 22:00 ,일식당,37.522199014,127.020877314,4.35,682
목탄장 도산점,070-4647-2889,서울 강남구 선릉로157길 23-4 1층,수요일 17:30 - 00:30 ,요리주점,37.525953312,127.037647311,4.16,54
무월식탁,02-552-9280,서울 강남구 강남대로102길 23,매일 11:00 - 22:00 ,한식,37.502618138,127.02731475,4.26,608
밍글스,02-515-7306,서울 강남구 도산대로67길 19 힐탑빌딩 2층,"매일 12:00 - 22:30 Break time 15:00~18:00,",한식,37.525381317,127.044157464,4.52,356
프리모바치오바치 강남점,02-501-0885,서울 강남구 강남대로 416 창림빌딩,매일 11:00 - 23:00 라스트 오더 : 22:00,"양식,이탈리아음식",37.499796639,127.027158066,4.36,747
영동장어,02-3448-9991,서울 강남구 언주로148길 8,평일 11:30 - 23:00 ,"한식,장어,먹장어요리",37.520315809,127.035337103,4.32,111
킹콩 스테이크,050-4456-2269,서울 강남구 논현로175길 69 원영빌딩,평일 11:30 - 23:00 Break time 15:30~17:30 / 런치 Last Order 14:30 / Last order 21:30 (주말break time15:00~17:00),"양식,스파게티,파스타전문",37.523837167,127.023456441,4.26,"2,005"
갓잇 도산공원점,0507-1339-9451,서울 강남구 언주로164길 24 아크로스빌딩 지상1층 GODEAT,"매일 11:00 - 21:30 Break time 15:00 - 16:10,Last order 20:30","멕시코,남미음식",37.525414479,127.035483473,4.69,298
붓처스컷 삼성점,02-552-6647,서울 강남구 테헤란로87길 13,평일 11:30 - 22:00 Break Time 15:00 -17:00,"양식,스테이크,립",37.508633773,127.058591732,4.49,279
묵전,02-548-1461,서울 강남구 언주로168길 22,평일 11:30 - 02:00 ,"전통,민속주점",37.526087108,127.035350682,4.4,389
라그릴리아 SPC스퀘어점,0507-1359-9192,서울 강남구 강남대로 352,매일 11:00 - 22:00 21:00 주문마감,"양식,이탈리아음식",37.494383837,127.029802127,4.36,622
스시히로바 삼성동본점,0507-1448-5511,서울 강남구 삼성로 620 (주)블래스톤리조트,평일 11:30 - 15:00 ,"초밥,롤,일식",37.514949041,127.052656372,4.39,297
빌리엔젤 압구정점,0507-1381-1402,서울 강남구 논현로164길 26,평일 08:00 - 21:00 ,"디저트,케이크전문",37.523046364,127.030294426,4.56,55
칙피스,0507-1338-6780,서울 강남구 강남대로152길 69,매일 11:30 - 21:00 오후 8:30 Last Order,양식,37.51912937,127.024724264,4.5,893
메종 사우스케이프,02-6205-6701,서울 강남구 도산대로45길 17 메종 사우스케이프 2층,매일 10:00 - 19:00 라스트 오더 17:00,"디저트,브런치",37.523422534,127.035054901,4.15,119
덕후선생,02-514-3663,서울 강남구 선릉로 822 5F,수요일 11:30 - 22:30 Break Time 15:00 ~ 17:30,중식당,37.525259195,127.040172426,4.27,225
압구정하루,02-514-5557,서울 강남구 언주로172길 56,매일 11:30 - 21:30 ,일식당,37.526775983,127.038298352,4.45,"1,136"
샌드커피 논탄토,02-542-0206,서울 강남구 도산대로17길 35,평일 11:00 - 22:00 ,"디저트,카페",37.520910852,127.023885554,4.57,255
까사밀,0507-1435-0146,서울 강남구 도산대로1길 83 라까사호텔,평일 11:30 - 15:00 Lunch 11:30~15:00 Last order 15:00,"양식,이탈리아음식",37.522105358,127.019473975,4.53,83
미엔아이 천등,0507-1312-0652,서울 강남구 봉은사로4길 32 1층,매일 11:30 - 22:00 브레이크 타임 15:00~17:00,아시아음식,37.502765799,127.026657498,4.67,646
알베르,02-566-6181,서울 강남구 강남대로102길 34,매일 11:00 - 23:00 ,"디저트,카페",37.503040673,127.02808506,4.36,942
바이킹스워프 코엑스점,1644-4446,서울 강남구 영동대로 513 코엑스 컨벤션센터 2층,평일 12:00 - 15:00 Lunch(월~목),"한식,바닷가재요리",37.51201831,127.059037019,4.41,607
호시쿠,02-540-1888,서울 강남구 도산대로62길 13 1층,매일 12:00 - 22:00 현재는 21시까지 ,일식당,37.522542628,127.043178914,4.69,51
돈부리파스타 송리단길점,02-6952-5151,서울 송파구 백제고분로45길 15,평일 15:00 - 17:00 BREAK TIME(평일),"양식,스파게티,파스타전문",37.509570444,127.10965275,4.63,325
단디,0507-1322-5335,서울 송파구 백제고분로45길 7,"매일 11:30 - 21:30 Last order : 14:30  ,  21:00","일식,덮밥",37.50920894,127.110327064,4.36,862
빠레뜨한남 석촌호수점,02-6407-3417,서울 송파구 오금로16길 10 1층 빠레뜨한남,평일 11:30 - 21:00 break time 15:00~17:00 / 연중 무휴,양식,37.510808596,127.108736465,4.61,752
카페 페퍼,02-421-0514,서울 송파구 백제고분로45길 12,매일 12:00 - 21:00 브레이크 없음,"카페,디저트",37.509627777,127.110160529,4.56,143
카페 노티드 잠실,0507-1347-9377,서울 송파구 백제고분로45길 3 2층,매일 10:00 - 21:00 ,"카페,디저트",37.509047601,127.110678779,4.45,"2,504"
젠젠 잠실점,02-412-7240,서울 송파구 백제고분로45길 34 동방빌딩 2F,매일 09:30 - 22:30 영업마감22:15 / Last order 21:30,"카페,디저트",37.51065773,127.108033554,4.44,602
촙촙 롯데월드몰점,0507-1327-2847,서울 송파구 올림픽로 300 롯데월드타워앤롯데월드몰 지하1층 3355 촙촙,매일 10:30 - 22:00 사회적 거리두기 2.5단계 기간 중 21:00 마감,베트남음식,37.512836032,127.101711815,4.52,97
원조부안집 잠실새내점,0507-1302-3039,서울 송파구 백제고분로15길 55 1층,매일 11:30 - 03:00 월~목 3시-4시 브레이크타임,"한식,돼지고기구이",37.510333549,127.084372573,4.92,411
럭키살롱,010-3704-3802,서울 송파구 위례광장로 120 위례중앙푸르지오 1단지 상가동,"평일 16:00 - 22:00 연중무휴/구정,추석만 쉼","육류,고기요리,한식",37.47460757,127.141321802,4.45,41
우직,02-6084-0313,서울 송파구 양재대로71길 19-10,평일 12:00 - 00:00 ,한식,37.510465113,127.124351205,4.71,28
온량,02-422-3642,서울 송파구 백제고분로43길 4 1층,매일 12:00 - 21:00 ,양식,37.508010373,127.110084875,4.51,387
라쁘띠,0507-1361-6773,서울 송파구 가락로11길 19 1층 라쁘띠,"수요일 10:00 - 20:00 디저트 소진시 마감, 화요일 휴무","카페,디저트",37.502061244,127.104074672,4.32,246
벨라스가든,0507-1428-4243,서울 송파구 백제고분로41길 42-19 1층,평일 10:00 - 23:00 브레이크 타임 없음,"디저트,브런치",37.510082875,127.106290583,4.49,748
배떡 방이점,02-422-1113,서울 송파구 오금로29길 8 1층,수요일 11:00 - 22:00 Last order : 22:00,분식,37.507325547,127.121320316,4.61,92
라이언하트,0507-1319-9080,서울 송파구 석촌호수로 284 지하104호,수요일 17:00 - 22:00 사회적 거리두기 기간 중 영업 시간,바(BAR),37.510720898,127.106975848,4.55,100
벽제갈비 방이본점,02-415-5522,서울 송파구 양재대로71길 1-4,매일 11:30 - 22:00 L.O 21:00,"한식,소고기구이",37.51000469,127.126213315,4.42,319
긴자료코 석촌호수점,02-420-5155,서울 송파구 백제고분로41길 33 101호,매일 11:30 - 21:30 매주 화요일 정기휴무,일식당,37.508574442,127.106349791,4.35,113
한아람,02-415-7277,서울 송파구 위례성대로 34 지산빌딩,매일 11:30 - 23:30 명절휴무,"한식,소고기구이",37.515796847,127.116008069,4.41,151
팀호완 잠실점,0507-1311-3082,서울 송파구 올림픽로 240 롯데백화점 잠실점 2층,매일 11:30 - 21:30 ,"딤섬,중식만두",37.511481796,127.098224126,4.33,505
뷰클랜드,070-4065-4860,서울 송파구 백제고분로43길 10 1층,매일 12:00 - 22:00 ,"카페,디저트",37.508359328,127.10959345,4.71,"1,418"
주은감자탕,02-413-3670,서울 송파구 삼학사로 71,매일 00:00 - 24:00 명절휴무 / 6월19일 부터 매주 화요일 휴무,"한식,감자탕",37.503678248,127.096792732,4.37,888
트레스드,010-3522-1844,서울 송파구 백제고분로15길 50 1층,수요일 12:30 - 22:00 ,"카페,디저트",37.509781167,127.084730349,4.57,96
냠냠물고기,010-3526-4478,서울 송파구 송파대로30길 41-21,매일 05:00 - 01:00 일요일휴무   라스트오다11시 ,일식당,37.497007046,127.120699949,4.34,170
온화,0507-1371-7877,서울 송파구 백제고분로45길 15 2층 온화,평일 13:00 - 22:00 last order 21:00,"디저트,베이커리",37.509570444,127.10965275,4.32,453
뜻한바,0507-1333-8062,서울 송파구 백제고분로42길 6-9,매일 18:30 - 00:00 매주 일요일 휴무,요리주점,37.505403331,127.109283852,4.59,33
레어마카롱,0507-1411-6809,서울 송파구 오금로 126,매일 12:00 - 22:00 ,"카페,디저트",37.51137504,127.108777691,4.74,"1,442"
쎄떼,0507-1349-3419,서울 송파구 백제고분로42길 4-9 1층 101호,매일 17:00 - 23:55 ,양식,37.50560792,127.108968052,,4
오스테리아세콘디,0507-1330-4244,서울 송파구 백제고분로42길 4 1층,매일 12:00 - 22:30 브레이크타임 15:00~17:30,"양식,이탈리아음식",37.50595269049197, 127.10925855563602,4.68,"1,334"
피자네버슬립스,0507-1335-5877,서울 송파구 백제고분로45길 6 지층,매일 12:00 - 23:00 브레이크 타임 없음 /라스트 오더 22:30,"양식,피자",37.509269173,127.110835973,4.55,416
원산만두,02-420-1109,서울 송파구 백제고분로46길 39,평일 10:30 - 24:00 ,만두,37.507025918,127.115216033,4.35,65
애슐리퀸즈 잠실롯데캐슬점,0507-1418-2235,"서울 송파구 올림픽로 269 (신천동, 롯데캐슬골드) 지하1층",매일 11:00 - 21:00 ,"양식,패밀리레스토랑",37.514457188,127.100572843,4.16,"1,879"
별미곱창,02-413-3610,서울 송파구 오금로11길 14 별미곱창 본점,"매일 11:00 - 05:00 2호점, 3호점","한식,곱창,막창,양",37.514394287,127.108873058,4.5,566
디트로네 라운지,02-422-5021,서울 송파구 석촌호수로 258 잠실아르누보팰리스,수요일 11:00 - 01:00 FOOD 11:30 - 21:00 (Break time 15:30-17:00 only food),"카페,디저트",37.509108644,127.104902679,4.37,423
카페그리너티,010-2992-1691,서울 송파구 풍성로23길 17 1층 카페 그리너티,매일 10:00 - 21:00 월요일 휴무,"카페,디저트",37.535287047,127.119702907,4.61,128
스시오하요,0507-1327-1818,서울 송파구 백제고분로31길 18 효명빌딩 1층,매일 11:30 - 22:00 브레이크 타임 pm3:00~5:00,일식당,37.504138104,127.09565571,4.8,91
씨젬므쥬르,0507-1347-4142,서울 송파구 백제고분로41길 25,평일 11:00 - 15:00 런치 운영/ 인스타그램 참고,"양식,프랑스음식",37.508026798,127.106931168,4.43,91
잠수교집 3호점,0507-1318-0434,서울 송파구 송파대로49길 51 1층 잠수교집,매일 11:30 - 23:00 ,한식,37.505894781,127.099208145,4.49,234
플라워베이커리 문정본점,02-2283-1345,서울 송파구 법원로 114 엠스테이트 지하 1층 B134호,평일 08:00 - 21:00 ,"디저트,베이커리",37.486019791,127.121030761,4.49,"1,036"
토닭토닭,0507-1438-0208,서울 송파구 백제고분로45길 38,매일 11:00 - 20:50 영업시간,"한식,닭갈비",37.510918376,127.107725469,4.33,502
가배도 송파,02-423-4542,서울 송파구 백제고분로45길 6 2층 201호,매일 11:00 - 22:00 ,"카페,디저트",37.509269173,127.110835973,4.24,273
러반로제 레스토랑,0507-1310-9471,서울 송파구 석촌호수로 274,평일 10:30 - 24:00 break time 15:00-17:00,"양식,이탈리아음식",37.5102191,127.106202687,4.35,72
조광 201,0507-1392-0503,서울 송파구 새말로8길 13 2층,수요일 18:00 - 23:00 ,중식당,37.481527429,127.126777073,4.69,91
비샵 레스토랑,0507-1334-8410,서울 송파구 위례성대로 71,매일 11:00 - 22:00 ,"양식,패밀리레스토랑",37.515434542,127.120999628,4.66,199
피치그레이,0507-1409-1693,서울 송파구 가락로21길 14-1 1층 피치그레이,매일 11:00 - 21:00 당분간 월요일 휴무. 임시휴무는 인스타그램 peach_gray을 확인),"카페,디저트",37.503637576,127.110936619,4.48,53
삿뽀로 방이점,02-418-7797,서울 송파구 오금로11길 7 제이타워빌딩,매일 11:30 - 22:00 명절 정상영업(브레이크타임 15:00 ~17:00),일식당,37.514557393,127.107966048,4.36,976
다케오호르몬데판야끼 송리단길점,070-4468-6654,서울 송파구 백제고분로45길 8 1층,매일 11:00 - 22:00 ,한식,37.509345232,127.110656141,4.28,447
대갈곱창&막창송파점,02-425-0892,서울 송파구 백제고분로45길 21-1,"매일 16:00 - 01:00 명절 휴무,","한식,곱창,막창,양",37.509931147,127.108979268,4.38,372
놀부유황오리진흙구이 잠실점,02-425-5292,서울 송파구 오금로 131,매일 11:30 - 22:00 연중무휴,"한식,오리요리",37.511520115,127.109918818,4.39,306
방이편백 육분삼십 방이본점,02-3444-9312,서울 송파구 위례성대로16길 25 금양빌딩,"매일 11:30 - 22:00 월~금 15시~17시 브레이크타임, 주말 브레이크 X","한식,육류,고기요리",37.510543747,127.124200767,4.36,260
부일갈매기,02-412-1462,서울 송파구 삼전로13길 4,매일 17:00 - 23:00 ,한식,37.507292079,127.089895064,4.58,100
알라보 올림픽공원점,0507-1354-0939,서울 강동구 성안로 12 1층 M빌딩,평일 10:00 - 21:00 ,"디저트,다이어트,샐러드",37.524861051,127.129633421,4.75,247
생어거스틴 성내점,02-477-1555,서울 강동구 강동대로 143-64 태창타워,매일 11:30 - 22:00 구정당일  휴무 입니다.,아시아음식,37.528099982,127.120128978,4.55,"2,520"
스윗솔트,0507-1390-1004,서울 강동구 상암로 286,수요일 09:00 - 22:00 ,"디저트,브런치",37.545467719,127.154151462,4.49,"3,099"
꾸덕트,0507-1388-9577,서울 강동구 천중로32길 32 101호,수요일 11:00 - 19:30 ,"카페,디저트",37.541987579,127.134688819,4.7,64
차이나린찐,02-470-2600,서울 강동구 강동대로 217,매일 11:30 - 21:30 Break time 16:00~17:00 (토요일/공휴일 제외),중식당,37.523407388,127.130472468,4.19,882
봄플레이트,0507-1317-7657,서울 강동구 천호대로182길 26 1층 봄플레이트,평일 11:00 - 19:00 영업시간 (재료소진시 마감),카레,37.532437019,127.14061198,4.54,215
동신면가,0507-1443-8892,서울 강동구 올림픽로 803,"매일 10:00 - 23:00 구정, 추석 외 연중무휴",냉면,37.552876539,127.128138012,4.08,250
송하정스시,0507-1407-9482,서울 강동구 상일로 39-8,평일 12:00 - 21:00 일요일 휴무,"일식,초밥,롤",37.550697427,127.172242751,4.79,758
빙수야,0507-1383-5951,서울 강동구 진황도로 32 1층,수요일 11:30 - 21:30 매주 월요일 휴무,"분식,떡볶이",37.538723582,127.130563561,4.19,80
디어마이요거트,02-2088-3908,서울 강동구 성안로 37,수요일 12:00 - 19:00 ,"카페,디저트",37.527248113,127.130247557,4.74,78
갓츠킹 고덕그라시움점,0507-1346-6378,서울 강동구 고덕로 353 고덕그라시움 제1상가 1층 에이-161호,매일 11:00 - 20:00 연중무휴,"도시락,컵밥",37.557236064,127.164683042,4.35,91
하에레츠,0507-1302-8341,서울 강동구 암사길 27,매일 10:00 - 22:00 ,"디저트,베이커리",37.551853324,127.132298731,4.34,465
온돌더프라임 강동점,02-6377-8330,서울 강동구 천호대로 1077 이스트센트럴타워 지하1층 온돌더프라임 강동점,매일 11:30 - 22:00 매일 11:30 - 22:00 마지막 주문 21:00 / Break time 15:00~17:00(주말 및 공휴일 제외),"한식,육류,고기요리",37.537251832,127.131425978,4.6,527
코다리요리전문점 만찬,0507-1407-3398,서울 강동구 동남로 640 코다리만찬,매일 10:00 - 21:30 연중무휴입니다^^!,"한식,해물,생선요리",37.531340288,127.149816486,4.38,250
핵밥 천호점,0507-1369-8444,서울 강동구 올림픽로 660,매일 11:30 - 22:00 ,"일식,덮밥",37.5401773,127.124560615,4.3,348
등갈비달인 본점,0507-1405-4638,서울 강동구 천호대로158길 25 1층,수요일 14:00 - 01:00 연중무휴,"한식,육류,고기요리",37.536302831,127.126355931,4.47,303
스타시티서울 레스토랑,0507-1325-2042,서울 강동구 구천면로 140 스타시티빌딩 7층,평일 16:00 - 03:00 연중무휴,양식,37.542284367,127.12050165,4.34,50
카페공공장소,0507-1314-6627,서울 강동구 암사길 7-1 1층 카페공공장소,매일 12:00 - 22:00 월요일휴무,"카페,디저트",37.551059324,127.130422769,4.78,141
솔리,0507-1319-6091,서울 강동구 진황도로 4-5 카페 solely,매일 13:00 - 23:00 ,"카페,디저트",37.539827101,127.12811078,4.44,122
로스터리 타쎄,0507-1321-0354,서울 강동구 동남로85길 21 로스터리 타쎄,매일 10:00 - 20:00 매주 화요일 휴무,"디저트,카페",37.561245338,127.155610374,4.61,27
주양두리돈까스,02-487-8558,서울 강동구 고덕로 89 2층,매일 11:00 - 21:00 신정/구정/추석은 쉬는날이 유동적이니 전화주세요~~,"양식,돈가스",37.554931859,127.135294017,4.29,326
한왕스1980 본점,0507-1421-6363,서울 강동구 올림픽로 737 원풍빌딩,평일 11:00 - 21:00 Break time 15:00~15:30 평일,"양식,돈가스",37.547220751,127.126223403,4.37,245
낸시스,0507-1343-7896,서울 강동구 동남로75길 13-21 101호 낸시스,수요일 11:00 - 20:00 소진시 조기마감,"디저트,베이커리",37.553318262,127.155472347,4.64,101
최냉면 본점,02-484-0441,서울 강동구 천호옛8길 34,매일 11:30 - 20:30 브레이크타임 15:00~16:30/라스트오더 14:30,냉면,37.532734579,127.124986168,4.46,208
시오미스시,02-6015-7780,서울 강동구 고덕로25길 12,"매일 12:00 - 00:00 1부 18:00~20:00, 2부 20:00~24:00 재료 소진시 조기마감","일식,초밥,롤",37.555272928,127.136575704,4.74,25
대패꽃필무렵 강동점,0507-1369-1939,서울 강동구 양재대로 1610 1층,매일 11:00 - 23:00 ,"양식,돼지고기구이",37.549240376,127.143951988,4.35,197
얌얌카츠,0507-1356-0130,서울 강동구 천호옛14길 22 1층,매일 11:30 - 21:30 일요일 휴무,"일식,돈가스",37.536027922,127.126694907,4.57,151
오븐베이크,0507-1309-5823,서울 강동구 고덕로10길 43-3 1층 오븐베이크,"수요일 11:30 - 20:00 월요일 , 화요일 휴무","디저트,베이커리",37.552840566,127.129834484,4.77,116
"방콕, 그집",0507-1346-1168,서울 강동구 성안로3길 124 1층,수요일 11:30 - 22:00 브레이크타임 15:00~17:00,태국음식,37.528319406,127.123400744,4.71,50
오륜정,02-482-3698,서울 강동구 성내로6길 32 1층,매일 11:00 - 22:00 마지막주문 21:15    [연중무휴],"한식,육류,고기요리",37.528611125,127.122194117,4.33,195
숙성명가,02-486-0868,서울 강동구 양재대로 1457,매일 10:00 - 22:00 ,"한식,육류,고기요리",37.535922899,127.139018847,4.65,199
봉쥬르 쟝딸롱,0507-1336-0494,서울 강동구 올림픽로93길 12 예원빌딩 1층,매일 11:00 - 21:00 매월 1째 3째 월요일 휴무,"디저트,브런치",37.549354276,127.126519186,4.75,83
맘마미아김밥,02-426-5771,서울 강동구 천호대로221길 32,매일 08:00 - 21:00 ,종합분식,37.548266238,127.172805301,4.66,106
양철북 강동구청점,02-478-1192,서울 강동구 성내로 62 정인빌딩,매일 11:30 - 22:30 ,"한식,곱창,막창,양",37.527821803,127.126673521,4.5,228
하이랜드그릴,0507-1328-3743,서울 강동구 풍성로 235,매일 11:30 - 22:00 Break Time  15:00~17:00,"양식,이탈리아음식",37.528678754,127.137917483,4.31,548
경양미식,02-472-1418,서울 강동구 천호옛14길 23-4,"매일 11:30 - 22:00 포장 가능,라스트오더 21:00","양식,돈가스",37.536262005,127.126971423,4.57,154
마카나이 천호점,0507-1331-9247,서울 강동구 올림픽로62길 40 2층,매일 11:00 - 22:00 매주화요일 정기휴무,일식당,37.536330689,127.125088316,4.51,203
신사소곱창 천호점,02-477-1125,서울 강동구 천호대로155길 24,매일 17:00 - 00:30 ,"한식,곱창,막창,양",37.539096512,127.126207716,4.36,176
엥겔커피,0507-1374-8227,서울 강동구 성안로 39 1층 103호,매일 10:00 - 21:00 화요일 휴무,"카페,디저트",37.527383634,127.130319493,4.96,37
카페허브,02-417-0437,서울 강동구 천호대로200길 15-16,평일 10:00 - 22:00 ,"디저트,카페",37.536001225,127.150386111,4.52,128
안남미가,02-6949-6602,서울 강동구 양재대로89가길 66 안남미가,매일 11:00 - 21:00 Last Order 오후 8시30분,베트남음식,37.523753584,127.133760373,4.58,265
카페씨모,0507-1316-9957,서울 강동구 고덕로38길 69,매일 11:00 - 23:00 ,"카페,디저트",37.551468447,127.142695038,4.61,239
길위의 파스타 둔촌점,02-482-3852,서울 강동구 강동대로51길 36 1층,매일 11:00 - 21:30 브레이크 타임 없음,"양식,스파게티,파스타전문",37.525116795,127.130371013,4.49,177
무공돈까스 길동역점,02-476-0045,서울 강동구 양재대로 1471 1층 105호,매일 11:00 - 22:00 last order 21:50,"양식,돈가스",37.537308194,127.13954148,4.31,289
근초밥,02-470-8148,서울 강동구 올림픽로 538,수요일 11:30 - 22:20 ,일식당,37.529733905,127.120455012,4.4,254
스시마에,0507-1337-9914,서울 강동구 성내로 40 동흔빌딩 1층,매일 12:00 - 22:00 평일 오전12:00~오후10:00까지 운영   / 브레이크타임 3:00~5:00   ,일식당,37.528893207,127.1245707,4.2,33
계열사 고덕점,02-428-9982,서울 강동구 구천면로98길 19 1층,평일 16:00 - 00:00 ,"한식,치킨,닭강정",37.549882968,127.17137241,4.78,34
와고참숯갈비,0507-1320-5990,서울 강동구 올림픽로70길 47-7 와고참숯갈비,수요일 16:00 - 24:00 ,"한식,육류,고기요리",37.539528305,127.126308441,4.77,202
버거타임,070-7208-8956,서울 강동구 고덕로 399 메가스퀘어동 1층 120호,수요일 10:30 - 21:30 마지막 주문 21:00,"양식,햄버거",37.557466713,127.169771634,4.35,151
장안면옥 명일동점,02-427-6833,서울 강동구 상암로 297,매일 11:00 - 22:00 ,냉면,37.546465334,127.155537967,4.4,592
